data_name,seed,train_prerank,train_time_seconds,epochs_trained,best_epoch,nll,energy,mse,pce_marginal,pce_mean,pce_variance,pce_dependency,pce_pca,pce_density,pce_cdf
households,0,cdf,515.9083096701652,184,168,3.3698716163635254,0.9577763477961222,0.6751738985379537,0.046379288037618004,0.05835621555646261,0.12558318177858988,0.019893851441641647,0.05405813828110695,0.09659897287686665,0.03481977495054404
households,42,cdf,451.8908905889839,156,140,3.253817915916443,0.936792810757955,0.6484306752681732,0.048245845983425774,0.05635951397319635,0.11644288152456284,0.022877394687384367,0.052436781426270805,0.0830504751453797,0.03390548471361399
households,866,cdf,546.3432593448088,189,173,3.3817235628763833,0.9525846838951111,0.6663840810457865,0.04974650156994661,0.06463698297739029,0.11916508401433627,0.019429880815247696,0.055317564556996025,0.07585459637145202,0.029196210205554962
households,12,cdf,410.7485506380908,141,125,3.2640005350112915,0.9489931762218475,0.6541021267573038,0.04549527664979299,0.05889577108124892,0.12772906323273978,0.019163642699519794,0.05271953530609608,0.08426126713554065,0.037754516738156475
households,4,cdf,413.92947954218835,143,127,3.1843584775924683,0.927763044834137,0.635396828254064,0.052490495766202606,0.05368752280871073,0.11600267017881076,0.020238339590529602,0.05024309332172076,0.08028411927322547,0.038477435087164245
air,0,cdf,516.6437290040776,138,122,5.842166185379028,1.477744221687317,1.0747018694877624,0.057244788482785226,0.09194889441132545,0.19382778108119963,0.0488946720957756,0.06976575292646885,0.1049748681485653,0.034963106364011766
air,42,cdf,537.9092882559635,142,126,5.747034072875977,1.437915325164795,0.9888433575630188,0.06422066912055016,0.10385811366140843,0.21610043942928314,0.0577340692281723,0.07176977246999741,0.09312999956309795,0.036741239577531816
air,866,cdf,499.4173672199249,132,116,5.542980718612671,1.3875612378120423,0.8626107752323151,0.05653496496379375,0.09220582246780396,0.19897630363702773,0.061241887882351874,0.06887371055781841,0.07889043614268303,0.03532717414200306
air,12,cdf,483.2416611760855,128,124,5.893215560913086,1.4399318099021912,0.9617487847805023,0.0592872366309166,0.08998681083321572,0.2145557999610901,0.05286350566893816,0.06734137162566185,0.075385432690382,0.03808216918259859
air,4,cdf,613.9654103037901,162,146,5.6725194454193115,1.4769596934318543,1.034761166572571,0.0646754402667284,0.09738068357110023,0.1939609318971634,0.06841871365904809,0.0694032784551382,0.06250747442245483,0.028727665916085242
births1,0,cdf,509.5075543029234,137,121,1.3705970406532288,0.7075111329555511,0.8557538390159607,0.042253988422453405,0.04418377950787544,0.07788581401109695,0.08135782293975354,0.05049018412828445,0.09362693689763546,0.03156306408345699
births1,42,cdf,465.53542232792825,128,112,1.2910160362720489,0.7356000542640686,0.8792185544967651,0.03870796095579863,0.034312454797327516,0.11049728393554688,0.1103054329752922,0.05447414740920067,0.18872055262327195,0.02804204486310482
births1,866,cdf,786.792406143155,216,200,0.7870111543685198,0.7293956577777863,0.8540313929319382,0.040250443108379844,0.035877279564738275,0.08806144893169403,0.08900908827781677,0.050421323999762534,0.25072493553161623,0.03277545217424631
births1,12,cdf,528.6446820539422,144,128,1.1921745538711548,0.7119547545909881,0.8366175055503845,0.03979680761694908,0.03321251021698117,0.0986400693655014,0.0996683418750763,0.04964280594140291,0.17629651129245758,0.028365723229944705
births1,4,cdf,525.986699831672,143,127,1.424195545911789,0.7376951396465301,0.8901915729045868,0.04076186083257198,0.040258662216365336,0.09924774020910263,0.09890929460525513,0.05160778574645519,0.15908840745687486,0.023629482090473174
births2,0,cdf,893.2507842262276,241,225,-4.137717819213867,0.9335086584091187,1.046061846613884,0.16702796071767806,0.04282239768654108,0.049130003154277804,0.06697357706725597,0.09974680617451667,0.36083224415779114,0.037279530800879
births2,42,cdf,949.7055740398355,255,239,-4.581816864013672,0.8549856543540955,0.7247014522552491,0.16100243628025054,0.031614159047603604,0.055791687965393064,0.06627269200980664,0.11666764914989472,0.3300847768783569,0.04286437667906284
births2,866,cdf,1016.275156811811,277,261,-4.977146863937378,0.8851396322250367,0.8497451484203339,0.15751071125268937,0.028052720241248608,0.043148183077573773,0.07350967153906822,0.11899115294218063,0.3827521026134491,0.03585952203720808
births2,12,cdf,709.3006663117558,191,175,-4.294844245910644,0.8195062428712845,0.8020193137228488,0.16313616782426835,0.03981569595634937,0.04889386612921953,0.0651604626327753,0.11031857281923294,0.4136069118976593,0.051167352311313155
births2,4,cdf,704.0112719750032,191,175,-3.5229849100112913,0.9476039230823516,0.8898009121417999,0.16660766303539276,0.03600389668717981,0.04671742897480726,0.0765482384711504,0.12063984200358391,0.3911548972129822,0.054703468829393385
wage,0,cdf,487.97630742099136,132,116,1.0772101163864136,0.696062970161438,0.698129802942276,0.061627785488963124,0.061026988178491594,0.07224190905690193,0.07311610840260982,0.06867337971925735,0.32412664890289306,0.030627488810569047
wage,42,cdf,343.71997520374134,93,77,0.7538048893213272,0.717072594165802,0.7319878101348877,0.08021519556641579,0.06027678139507771,0.06988850831985474,0.07047659941017628,0.0720352154225111,0.367462682723999,0.03855283325538039
wage,866,cdf,727.1981119932607,196,180,2.2349698305130006,0.706505936384201,0.6720930457115173,0.04559219479560852,0.03334689680486917,0.050416528806090356,0.05037907510995865,0.045121707022190094,0.052948299795389175,0.040018389374017714
wage,12,cdf,351.9992295629345,96,80,0.6148458272218704,0.7048920512199401,0.7006498277187347,0.067786231264472,0.035564095992594955,0.07997378557920456,0.07872583270072937,0.05248185284435749,0.3826594680547714,0.02840853398665786
wage,4,cdf,285.21940441802144,77,61,0.7517876327037811,0.7372061550617218,0.760850065946579,0.09464886337518692,0.045789683051407334,0.05576648525893688,0.05495018772780895,0.06729092374444008,0.36557841300964355,0.0382709089666605
scm20d,0,cdf,337.49726818408817,76,60,8.11536020040512,2.271651864051819,0.7585730999708176,0.04871961334720254,0.054060197435319424,0.14300169795751572,0.05065592471510172,0.03301425650715828,0.09731052070856094,0.04429672658443451
scm20d,42,cdf,309.4975212030113,69,53,8.149190843105316,2.342411160469055,0.812741756439209,0.04803816368803382,0.05662414990365505,0.13370808959007263,0.07243972970172763,0.037055596709251404,0.09256740193814039,0.04296587151475251
scm20d,866,cdf,351.5641172709875,79,63,7.397845089435577,2.2413820922374725,0.7421152889728546,0.041204113978892565,0.04732092935591936,0.11843871604651213,0.058520722668617964,0.0344111961312592,0.08441725000739098,0.03299990366213024
scm20d,12,cdf,343.8079667300917,77,61,8.118530869483948,2.291419357061386,0.7712118700146675,0.05077146692201495,0.06622696900740266,0.14620746299624443,0.0626859082840383,0.0350071145221591,0.10175719764083624,0.0416070525534451
scm20d,4,cdf,304.31758296629414,68,52,7.850799858570099,2.4066298604011536,0.8624226823449135,0.04907905962318182,0.05249195918440819,0.10741966869682074,0.06450525531545281,0.03460908168926835,0.08515922259539366,0.04136707098223269
scm1d,0,cdf,229.39183937385678,47,31,10.946046829223633,2.270574781629774,0.7645608915223016,0.06029363887177573,0.08198072885473569,0.08859549131658342,0.20333977540334067,0.06019117972917027,0.10591750260856417,0.06789650768041611
scm1d,42,cdf,353.53433279693127,73,57,7.707654900021023,2.097954273223877,0.6519538627730476,0.05473024480872684,0.06205574505858951,0.0919225662946701,0.07973308447334501,0.04077825860844718,0.07951754993862575,0.05875570989317364
scm1d,866,cdf,298.75571440299973,61,45,7.76532342698839,2.091902573903402,0.6535459491941664,0.04562340469823943,0.049067113962438375,0.07825540171729194,0.08695591655042437,0.044171493500471115,0.08083734785517056,0.04805502171317736
scm1d,12,cdf,546.2329824040644,113,97,5.624004152086046,2.061962445576986,0.6626059280501472,0.03333207840720812,0.03680108880831136,0.08064113722907172,0.051151498738262385,0.03761900713046392,0.0788677069875929,0.032005255214042135
scm1d,4,cdf,280.9708008239977,58,42,7.84267536799113,2.2443791230519614,0.7620886630482144,0.050814850048886404,0.06010483122534222,0.07960513068570031,0.07826805570059353,0.046706616464588374,0.0901510293285052,0.05844504096441799
wq,0,cdf,137.09174209274352,93,77,20.504718780517578,2.5585684776306152,1.0018060207366943,0.16800349950790405,0.10460071265697479,0.3246583938598633,0.026319798082113266,0.09325985610485077,0.38962262868881226,0.2426634132862091
wq,42,cdf,77.69355153106153,53,37,20.575580596923828,2.5111210346221924,0.9515517354011536,0.1703353077173233,0.11874309182167053,0.3425614833831787,0.021346954628825188,0.09796951711177826,0.42080187797546387,0.245729461312294
wq,866,cdf,130.47419861285016,90,74,22.503673553466797,2.7364542484283447,1.1438416242599487,0.15714557468891144,0.12164235860109329,0.36783018708229065,0.026847243309020996,0.09637497365474701,0.4069339632987976,0.24577662348747253
wq,12,cdf,93.34658811800182,63,47,290.1758728027344,2.5572519302368164,0.9890267848968506,0.1748679131269455,0.1268153190612793,0.3490432798862457,0.03514294698834419,0.09162290394306183,0.42212262749671936,0.24676719307899475
wq,4,cdf,157.04762424807996,109,93,38.6746711730957,2.6423282623291016,1.078013300895691,0.16161105036735535,0.09444635361433029,0.33918479084968567,0.025193914771080017,0.09227753430604935,0.3818396329879761,0.24299362301826477
scpf,0,cdf,339.8560795192607,242,226,-5.324300765991211,0.239359050989151,0.2170410454273224,0.11431609094142914,0.08867496252059937,0.13337302207946777,0.07105597108602524,0.1170792430639267,0.3388531506061554,0.034715719521045685
scpf,42,cdf,319.12935064919293,234,218,-5.042051315307617,0.23841045796871185,0.14316804707050323,0.15806493163108826,0.08916324377059937,0.13103348016738892,0.06650786846876144,0.14345112442970276,0.3046530783176422,0.03536853566765785
scpf,866,cdf,378.7689888449386,271,255,-5.012445449829102,0.5438997149467468,1.1223256587982178,0.1612721085548401,0.12130298465490341,0.1295059770345688,0.14996425807476044,0.13898637890815735,0.35121607780456543,0.049806803464889526
scpf,12,cdf,448.76083986321464,331,315,-4.670858860015869,0.8714118003845215,4.462306976318359,0.12367840856313705,0.07546469569206238,0.1311935931444168,0.07183802872896194,0.12351300567388535,0.3710802495479584,0.022050196304917336
scpf,4,cdf,392.5296028368175,292,276,-4.607348918914795,0.5692214965820312,1.2788935899734497,0.13333392143249512,0.07793304324150085,0.1237567812204361,0.08843191713094711,0.11531883478164673,0.3479241728782654,0.023386264219880104
meps_21,0,cdf,545.2334353867918,102,86,-1.7333235293626785,0.4338218979537487,0.7454584408551455,0.03904730919748545,0.04495189245790243,0.06223685503937304,0.05905893526505679,0.053619815269485116,0.21360725071281195,0.023398152959998697
meps_21,42,cdf,634.1072312807664,119,103,-1.7859727293252945,0.3884661700576544,0.6641420666128397,0.053406391525641084,0.02736901235766709,0.047230112832039595,0.027394960285164416,0.038728310842998326,0.2391893332824111,0.019791423925198615
meps_21,866,cdf,707.276629623957,133,117,-1.852626994252205,0.4128326214849949,0.7890366520732641,0.04341403907164931,0.04485950281377882,0.05197916948236525,0.03945925901643932,0.042738950811326504,0.18621778022497892,0.023118960729334503
meps_21,12,cdf,472.72548355394974,89,73,-1.6543035805225372,0.4182072915136814,0.6665119584649801,0.04608761798590422,0.05546774552203715,0.06680618785321712,0.05772190587595105,0.051203737035393715,0.22239835374057293,0.026598692988045514
meps_21,4,cdf,758.589694422204,142,126,-1.7468256875872612,0.44013751298189163,0.8565767612308264,0.042911554453894496,0.0427419418701902,0.06505432724952698,0.0568104840349406,0.037320133531466126,0.2330532018095255,0.02403809188399464
meps_19,0,cdf,468.3405090942979,86,70,-1.7626669332385063,0.43727713637053967,0.8404824156314135,0.053232399048283696,0.0369314590934664,0.06488487962633371,0.0535433788318187,0.043002146878279746,0.24653588328510523,0.022839903307612985
meps_19,42,cdf,386.41261022817343,71,55,-1.7347355484962463,0.4140089713037014,0.7117743454873562,0.049943414516747,0.04442819720134139,0.06175773055292666,0.04851050488650799,0.05030198046006262,0.2278948351740837,0.02335374749964103
meps_19,866,cdf,643.5762400198728,118,102,-1.8618834987282753,0.4112216327339411,0.7091079112142324,0.04688247409649193,0.04687361931428313,0.06449326523579657,0.06223303498700261,0.05288603971712291,0.22863621916621923,0.027201507589779794
meps_19,12,cdf,640.0198101829737,118,102,-1.8252523764967918,0.3714378159493208,0.5345147773623466,0.05680789239704609,0.04073762602638453,0.05931014567613602,0.047867014072835445,0.04653957788832486,0.2621999569237232,0.024453552614431828
meps_19,4,cdf,403.30885663907975,74,58,-1.681233748793602,0.44153502210974693,0.790140300989151,0.050769626861438155,0.03849466668907553,0.061648310627788305,0.04862035170663148,0.042216052184812725,0.22574807796627283,0.024086101446300745
meps_20,0,cdf,670.6844910308719,114,98,-1.6583111021253798,0.42252495057053036,0.9410644355747435,0.04538413199285666,0.03735404979023668,0.05909518421524101,0.051976099610328674,0.04405482765287161,0.2316233590245247,0.02083347189343638
meps_20,42,cdf,490.5146365920082,83,67,-1.7283910976515875,0.41734782192442155,0.7347689784235425,0.05314065060681767,0.04214562330808905,0.06847106375628048,0.06338542844686243,0.050961332809593946,0.23735072794887754,0.023788303887057636
meps_20,866,cdf,703.45231072139,119,103,-1.6720396412743463,0.38838409384091693,0.6720162919825978,0.0605068268875281,0.04505961346957418,0.055978494592838816,0.039228561955193676,0.035847374238073826,0.2373210448357794,0.0199288174820443
meps_20,12,cdf,631.4014408481307,106,90,-1.7537965774536133,0.415203011698193,0.6413701292541292,0.046604603735937014,0.042189201133118734,0.05821294171942605,0.049701728858053684,0.05298343590564198,0.2112685889005661,0.017825111850268312
meps_20,4,cdf,528.0618786597624,89,73,-1.64220972193612,0.4393097311258316,0.947586821185218,0.057941979418198265,0.03778559476551083,0.058012527931067676,0.04378390767508083,0.039800174120399684,0.2610185808605618,0.02585118833101458
house,0,cdf,379.616195068229,53,37,1.2768648655518242,0.6143498057904451,0.5813850423564082,0.046090598420604416,0.05252252486736878,0.10840310285920682,0.1104900519485059,0.0583970647143281,0.062051905238110085,0.023603370048753593
house,42,cdf,2481.9375912719406,350,334,0.5979704260826111,0.5161985094132631,0.45831114183301513,0.03688143873992174,0.03587888359375622,0.07836857243724492,0.07854399182226347,0.056068346714196,0.1924062157454698,0.02078064895518448
house,866,cdf,1245.8602455970831,176,160,0.7987082471018252,0.5609636410422947,0.538300844638244,0.04278617036407408,0.04254378240717494,0.11080269645089688,0.11100642836612204,0.06179929621841596,0.18027877224528271,0.02191977850768877
house,12,cdf,2184.189265192952,309,293,0.5680928398733553,0.5240402701108352,0.47270835223405255,0.03142947938455188,0.03937741555273533,0.05511860897683579,0.05672670406815798,0.046870983489181686,0.18609203592590665,0.020642946717207847
house,4,cdf,2572.6010666219518,363,347,0.7626567690268807,0.5439470565837362,0.509294920641443,0.03766021262044492,0.036366302682005844,0.10251038262377614,0.10351779376683028,0.06069677193527636,0.18470421563024106,0.02199166272159504
bio,0,cdf,3953.792370326817,282,266,-0.6816160164627374,0.23831038936680438,0.29081740040405124,0.03594355606565289,0.04138804234418215,0.040988192090070714,0.04364801327898806,0.03760456684611592,0.06690891857678984,0.02456318682023123
bio,42,cdf,3028.6914788219146,216,200,-0.4655328042366925,0.2789679952696258,0.8005442172288895,0.04309620722836139,0.05216510663283806,0.043389716203890594,0.04874599341522245,0.048004223654667534,0.049260908609950076,0.02002537117211842
bio,866,cdf,4764.215151451062,340,324,-0.6930912861637041,0.24386621047468746,0.35183493457004134,0.04430813660078189,0.03967840639034323,0.03992954130266227,0.04426636608938376,0.04350975835148026,0.05871049351259774,0.020786813095065894
bio,12,cdf,5548.009178568143,398,382,-0.6898882961740681,0.24932141076116002,0.3738803220730202,0.04804659985444125,0.0396981744972222,0.042940930846859425,0.04932483303926739,0.04831999554937961,0.07727427408099174,0.021974076169962976
bio,4,cdf,6715.74328728579,479,468,-0.7260827223459879,0.2410104856187222,0.26789186427406236,0.04107122791602331,0.04322458000159731,0.03712177327742763,0.041298478732214254,0.040045948626071796,0.07059836095454645,0.01985408082677453
blog_data,0,cdf,1067.32054409571,67,51,-0.34469972108885394,0.6466899372763553,0.7596860325942605,0.07508755923580315,0.06959701007453062,0.12969286487264148,0.13148600696507146,0.06194786247560533,0.1705044907028392,0.021492238377489276
blog_data,42,cdf,1401.8589179427363,88,72,-0.29412967130794365,0.654625187485905,0.9249525615724467,0.0730603571539208,0.07176019649131823,0.13837207651744454,0.13901515166133138,0.06494251632336843,0.18116382092742597,0.02396781922523248
blog_data,866,cdf,1206.377515681088,76,60,-0.5773702218370923,0.6595770423695192,0.9200471548710839,0.0722346370881897,0.07277599463270883,0.1338027261071286,0.13492660464371664,0.06312291355708897,0.18781957813238692,0.02122425587879399
blog_data,12,cdf,1415.4655026071705,89,73,-0.5110972387305761,0.6341564392639418,0.7969191160242436,0.07310546694670693,0.07208338493512849,0.12908470415968007,0.1297040759759434,0.06514455441196086,0.20206281694315248,0.022647317751484403
blog_data,4,cdf,1418.2351965727285,89,73,-0.43128568723292676,0.653835845195641,0.8556099473419836,0.07496519550933677,0.07570265523963056,0.13354746631141437,0.13472382269673427,0.0684711381287898,0.1802622774394892,0.024007565831228837
calcofi,0,cdf,23292.427239370067,96,80,0.5958746618458203,0.4216217762094085,0.34278682948035355,0.04517010846683959,0.0408493507185857,0.05893986430527846,0.06215495201015547,0.046722497808660904,0.0455667981682267,0.020652847883033277
calcofi,42,cdf,47483.40270432271,186,170,0.5941485049156081,0.4208406819766309,0.33543300076129556,0.026999721040424866,0.02501309011718493,0.026852421396501958,0.028373590561936946,0.02555898198087019,0.06262066227113906,0.020841681787806775
calcofi,866,cdf,31841.73417537613,131,129,0.6004045985701705,0.42255749741271764,0.3391311448537001,0.04057844799352387,0.03546190639163422,0.09394220146154907,0.0954846536521526,0.05099227669171425,0.043352703358430195,0.02135442740806308
calcofi,12,cdf,24022.146032239776,99,83,0.5837528624830126,0.4204735275076217,0.34715288710005643,0.04476134834161514,0.037824667515741865,0.06738403844725371,0.07068299361262001,0.0467495597926352,0.051200213955574427,0.019654178266030026
calcofi,4,cdf,25292.1101297508,104,88,0.5905767039184561,0.4230920799201777,0.35126070651624886,0.04341367935221799,0.03485923204394918,0.07184076459467911,0.07519350179369334,0.04622301458921127,0.045071076218257934,0.02061057081759101
ansur2,0,cdf,275.50636537000537,157,141,1.818383514881134,0.5375107228755951,0.3648344725370407,0.0321946763433516,0.029707621783018112,0.10430097207427025,0.10494491085410118,0.04636991582810879,0.09734087809920311,0.052429307252168655
ansur2,42,cdf,256.1785047678277,142,127,1.8106265664100647,0.5373557209968567,0.366237610578537,0.044400639832019806,0.04998821206390858,0.06956392154097557,0.07278680801391602,0.04821779951453209,0.08689520880579948,0.025227230042219162
ansur2,866,cdf,256.4754254803993,132,116,1.8990313410758972,0.5587268173694611,0.39657624065876007,0.050510626286268234,0.04578976146876812,0.10147837176918983,0.10172325372695923,0.05175517313182354,0.08503209054470062,0.045455774292349815
ansur2,12,cdf,320.81729923188686,166,150,1.866700291633606,0.5411006808280945,0.37836672365665436,0.047942277044057846,0.04294252581894398,0.0934380479156971,0.09502062574028969,0.05399700626730919,0.12300002202391624,0.06923410296440125
ansur2,4,cdf,354.76641170401126,184,168,1.7975329756736755,0.5250072777271271,0.3532744348049164,0.04413681477308273,0.04375740699470043,0.09879083186388016,0.09613071382045746,0.05013533681631088,0.11608635634183884,0.01839449442923069
taxi,0,cdf,2317.9904619888403,123,113,1.7605371935026985,0.6936350967202868,0.8091626908097949,0.0414887635037303,0.027036557386496237,0.046601949765213896,0.046520165181053535,0.038555661934827054,0.07394962353365762,0.026107246136026722
taxi,42,cdf,3501.5419882978313,186,180,1.8531029650143214,0.7102762154170446,0.8573665933949607,0.039777179088975705,0.03101316892674991,0.03767011729734285,0.03615009889804891,0.05610192854489599,0.07032582818397454,0.021830195294959203
taxi,866,cdf,3000.807439084165,160,144,1.7529189126832145,0.696993260724204,0.8236191919871739,0.03733384715659278,0.026968144678643773,0.04570270526622023,0.04579473470470735,0.03517876246145794,0.06740403611745154,0.02079718131572008
taxi,12,cdf,1667.8284151791595,89,73,1.8417752742767335,0.7059265681675502,0.8406532091753823,0.04515576985265527,0.02790424134582281,0.06368442997336388,0.06578144830252443,0.05873494084392275,0.05901120994240046,0.024475127871015242
taxi,4,cdf,4764.574933840893,253,237,1.7769080434526716,0.7124405094555446,0.8759981444903783,0.05045399221458605,0.03492807949494038,0.051117346728486675,0.05174201647085803,0.07025610330913748,0.08744712120720319,0.020918239892593452
