data_name,seed,prerank,pce,nll,energy,mse,train_time_seconds,epochs_trained,best_epoch
wage,0.0,mean,0.0289334468543529,2.296748852729797,0.7065846741199493,0.6635639727115631,212.0013216980733,177.0,161.0
wage,42.0,mean,0.0960762560367584,2.9188573598861693,0.9088587164878844,1.0194829523563385,26.40256432583556,21.0,5.0
wage,866.0,mean,0.0240639885887503,0.4366843074560165,0.7435115218162537,0.746923291683197,96.37943536788224,75.0,59.0
wage,12.0,mean,0.0288947476074099,0.773972450196743,0.7305180847644805,0.7201706528663635,116.84427172411232,92.0,76.0
wage,4.0,mean,0.0921048611402511,2.848583459854126,0.8950263559818268,0.9957684874534608,29.719257530989125,23.0,7.0
households,0.0,mean,0.0229493627945582,3.4251596530278525,0.980897625287374,0.6758695642153422,164.65965273207985,147.0,131.0
households,42.0,mean,0.0208699355522791,3.455038070678711,0.9572786192099252,0.6407905320326487,193.55915383598767,167.0,151.0
households,866.0,mean,0.0194601652522881,3.344230055809021,0.9444949726263682,0.6397796968619028,212.172122013988,183.0,167.0
households,12.0,mean,0.0222223781359692,3.431966702143351,0.9435592691103616,0.6254533380270004,170.2569344700314,148.0,132.0
households,4.0,mean,0.0324393998210628,3.199079791704813,0.9317727585633596,0.6236962080001831,211.2396464438644,181.0,173.0
air,0.0,mean,0.0289458261802792,5.909492683410645,1.4443884134292602,0.9947441458702088,189.133163878927,136.0,120.0
air,42.0,mean,0.0287653544917702,5.799880695343018,1.4259292840957642,0.938666695356369,177.09413070091978,128.0,112.0
air,866.0,mean,0.0236670892685651,5.513345623016358,1.3832945466041564,0.8275601148605347,158.3833225609269,114.0,104.0
air,12.0,mean,0.0288846123032271,5.885408878326416,1.4457923293113708,0.9279724597930908,184.88186674192548,135.0,119.0
air,4.0,mean,0.0241618405096232,5.718208456039429,1.4533749580383302,0.971560126543045,195.4802764148917,140.0,124.0
births1,0.0,mean,0.0302619387395679,1.185820370912552,0.7113074481487274,0.8437059104442597,318.3439061611425,238.0,222.0
births1,42.0,mean,0.022302687074989,1.3026573538780213,0.7441838920116425,0.8883771657943725,261.8288422420155,198.0,182.0
births1,866.0,mean,0.0250606917310506,1.3411486983299254,0.7360753417015076,0.8551455557346344,255.84051804803312,194.0,178.0
births1,12.0,mean,0.0266492327675223,1.315307378768921,0.729448002576828,0.8415579199790955,212.33849383494817,160.0,144.0
births1,4.0,mean,0.0199259308166801,1.474347460269928,0.7397431850433349,0.9046076834201812,239.9447202379816,185.0,169.0
births2,0.0,mean,0.025289823487401,-3.379870319366455,0.971243155002594,1.1144977748394012,264.7596543589607,202.0,186.0
births2,42.0,mean,0.0230320102535188,-4.151099443435669,0.8539165079593658,0.7209343433380127,278.37717104610056,211.0,195.0
births2,866.0,mean,0.0234795060008764,-4.486656761169433,0.8980498790740967,0.904055804014206,193.6846823010128,146.0,130.0
births2,12.0,mean,0.0341983549296855,-4.860814809799194,0.8452169328927994,0.8469432562589645,294.8988749529235,226.0,210.0
births2,4.0,mean,0.035149532277137,-3.4441248416900634,0.9581671953201294,0.9128764569759368,184.6708574690856,140.0,124.0
scm20d,0.0,mean,0.0225621769204735,7.987113356590271,2.285214066505432,0.7296053990721703,98.2826169738546,75.0,59.0
scm20d,42.0,mean,0.0225489424774423,8.305431842803955,2.216563314199448,0.6896637678146362,103.08598845708184,78.0,62.0
scm20d,866.0,mean,0.0257852785289287,7.095003008842468,2.2442459762096405,0.7302088215947151,118.84767782804556,90.0,74.0
scm20d,12.0,mean,0.0288298996165394,8.209470272064209,2.346953272819519,0.7967006117105484,85.93264482007362,65.0,49.0
scm20d,4.0,mean,0.0310097550973296,7.573107838630676,2.2641758620738983,0.7409401834011078,94.7884472408332,71.0,55.0
scm1d,0.0,mean,0.0241776622003979,6.332113530900744,1.970626367463006,0.5671300027105544,104.43480775086208,74.0,58.0
scm1d,42.0,mean,0.0240449094110065,6.875254948933919,1.6887350744671292,0.4264715744389428,160.26063378015533,112.0,96.0
scm1d,866.0,mean,0.0155517261268364,6.435354285769993,2.0632867283291287,0.6364466018146939,132.6608182711061,92.0,76.0
scm1d,12.0,mean,0.0221113294569982,6.791413466135661,1.8360173437330456,0.4895245267285241,150.4307189329993,105.0,89.0
scm1d,4.0,mean,0.0252494756132364,7.117903497483995,2.100243091583252,0.6630215909745958,121.45702207903378,83.0,67.0
wq,0.0,mean,0.071423664689064,20.000396728515625,2.5413668155670166,0.996606707572937,112.40489690494724,109.0,93.0
wq,42.0,mean,0.1320754587650299,21.774564743041992,2.5220727920532227,0.9537550806999208,17.273858328117058,16.0,0.0
wq,866.0,mean,0.1103382855653762,23.02718734741211,2.7451322078704834,1.1463594436645508,85.89709175098687,83.0,67.0
wq,12.0,mean,0.0589493922889232,21.07516098022461,2.5221126079559326,0.9651193618774414,98.2180209401995,95.0,79.0
wq,4.0,mean,0.0692705363035202,119.7674789428711,2.665862560272217,1.0868748426437378,100.51020972407424,94.0,78.0
scpf,0.0,mean,0.0183842815458774,-5.605975151062012,0.2428157180547714,0.2236552983522415,299.31100585707463,287.0,271.0
scpf,42.0,mean,0.0240395236760377,-4.463476657867432,0.2575771510601043,0.1473069489002227,384.3977916610893,378.0,362.0
scpf,866.0,mean,0.0364668555557727,-5.044373989105225,0.5346984267234802,1.1045149564743042,359.4220625939779,337.0,321.0
scpf,12.0,mean,0.0789329931139946,4.733156204223633,1.118566393852234,4.738025188446045,112.21996194892564,107.0,91.0
scpf,4.0,mean,0.033138807862997,-3.0354487895965576,0.6036143898963928,1.293445110321045,282.5070810331963,267.0,251.0
meps_21,0.0,mean,0.0210127914324402,-1.751721307635307,0.4314358346164226,0.7217025086283684,118.1859282690566,70.0,54.0
meps_21,42.0,mean,0.0181910640094429,-1.6705920547246933,0.4022975694388151,0.6818330250680447,150.40688457596116,88.0,72.0
meps_21,866.0,mean,0.0235585371847264,-1.7512105740606785,0.4246036931872368,0.780023854225874,148.03592858696356,87.0,71.0
meps_21,12.0,mean,0.0259669146616943,-1.331651650369167,0.4397227335721254,0.6872242819517851,97.00344508583656,53.0,37.0
meps_21,4.0,mean,0.0242388513870537,-1.7347576841711998,0.4190016463398933,0.7427113428711891,174.54849822516553,105.0,89.0
meps_19,0.0,mean,0.025621140084695,-1.7306343540549278,0.4072015918791294,0.7273382227867842,175.60222150897607,103.0,87.0
meps_19,42.0,mean,0.0264760446152649,-1.7217069119215012,0.3805987406522035,0.6239168643951416,194.10399693902585,111.0,95.0
meps_19,866.0,mean,0.0261326230829581,-1.795890174806118,0.4202458895742893,0.7171547692269087,175.4795202850364,100.0,84.0
meps_19,12.0,mean,0.0265735044376924,-1.8728454783558848,0.3744179774075746,0.5338913183659315,170.37151680211537,95.0,79.0
meps_19,4.0,mean,0.0231989916064776,-1.7447269931435585,0.4160328526049852,0.7003286462277174,191.23255623993464,111.0,95.0
meps_20,0.0,mean,0.0218116315081715,-1.5045759346750047,0.4403753678003947,0.934804336892234,131.99850102490743,73.0,57.0
meps_20,42.0,mean,0.0248082309650878,-1.9956403838263617,0.3795143365859985,0.6279033323129019,224.5618968978524,122.0,106.0
meps_20,866.0,mean,0.0223849250728057,-1.724733293056488,0.3988258739312489,0.6978560636440913,207.36981270718388,112.0,96.0
meps_20,12.0,mean,0.0268549533664352,-1.5482466949356928,0.441841979821523,0.6757843229505751,130.34119781595655,69.0,53.0
meps_20,4.0,mean,0.0216501194259358,-1.6181722150908575,0.4388463977310393,0.8943025983042188,140.98124468605965,76.0,60.0
house,0.0,mean,0.0266260250026117,1.57411267446435,0.6592942916828654,0.6255024852960006,81.08571400889196,39.0,23.0
house,42.0,mean,0.0250144827625025,4.760298604550569,0.563269177208776,0.4938020589558974,717.5420031729154,345.0,329.0
house,866.0,mean,0.0381411514852357,2.055252080378325,0.7267088786415432,0.7041818525480188,50.14824686013162,24.0,8.0
house,12.0,mean,0.0209134406531634,1.126518576041512,0.5317138938800149,0.4625445047150487,779.903093673056,379.0,363.0
house,4.0,mean,0.021198868913495,0.7412356656530629,0.5502666727356289,0.5085663497447968,954.5538853879552,455.0,439.0
bio,0.0,mean,0.0223959326634512,-0.6760588428553413,0.2398409112995746,0.2808182322073216,891.0159785051364,277.0,261.0
bio,42.0,mean,0.0219190503817562,-0.5034259432086757,0.2746469854724173,0.789820556108858,1161.0017645780465,309.0,293.0
bio,866.0,mean,0.0186327575322459,-0.693454689839307,0.2418728920758939,0.3380723204098496,1510.304991117213,388.0,372.0
bio,12.0,mean,0.0211758492879715,-0.463889657866721,0.2530160671940036,0.3731483616957478,936.6614609740208,246.0,230.0
bio,4.0,mean,0.0183967701250723,-0.7593524385901058,0.2386408921550302,0.2574711104526239,2176.8629986240994,594.0,578.0
blog_data,0.0,mean,0.0225804023034239,-0.4711184385469404,0.6667918461864277,0.7641807915800709,299.4003538421821,92.0,76.0
blog_data,42.0,mean,0.0233390532370846,-0.4516757405915503,0.6931912919222298,0.94932256916822,191.9082139870152,60.0,44.0
blog_data,866.0,mean,0.0227360684835052,-0.5701276038662862,0.6914240687580432,0.91534709324271,242.8601316299755,75.0,59.0
blog_data,12.0,mean,0.0229928295238543,-0.321413397978423,0.679827976024757,0.8250112604286711,252.06001046393067,79.0,63.0
blog_data,4.0,mean,0.0238470012416779,-0.3311787333528874,0.6893172930862944,0.8938772526838011,195.8984948040452,61.0,45.0
calcofi,0.0,mean,0.020223168219917,0.5827993242805746,0.4211350549168947,0.3423627845849059,9762.912869194988,211.0,195.0
calcofi,42.0,mean,0.0206151372790258,0.5891938031251941,0.4217887477902304,0.3403300064764604,8233.81406515697,170.0,154.0
calcofi,866.0,mean,0.0201290186656983,0.5911189566264633,0.4218062942205858,0.3468089415965711,6597.390963986982,134.0,118.0
calcofi,12.0,mean,0.0201871319582975,0.588793960313837,0.4202183548267148,0.3321926947056997,2678.112074025208,110.0,94.0
calcofi,4.0,mean,0.0203652003547176,0.5838934542658198,0.4227636534751964,0.3477089424625414,4322.514206973137,177.0,161.0
ansur2,0.0,mean,0.0480063799768686,1.8577330708503723,0.5435456335544586,0.3669121414422989,256.6965052948799,213.0,197.0
ansur2,42.0,mean,0.0189351793378591,1.8690543174743648,0.5346238315105438,0.366430714726448,292.3448880740907,236.0,220.0
ansur2,866.0,mean,0.034335920587182,1.848107635974884,0.548877090215683,0.3950604200363159,295.76985475211404,239.0,223.0
ansur2,12.0,mean,0.0625972989946603,1.9242356419563291,0.5565437376499176,0.387578621506691,220.17132385703732,167.0,151.0
ansur2,4.0,mean,0.0207103220745921,1.805205523967743,0.5204846262931824,0.3484410345554352,261.5115862840321,197.0,181.0
taxi,0.0,mean,0.0274165633799774,1.761411998953138,0.6938178769179753,0.8037445792130061,440.6109647569247,150.0,134.0
taxi,42.0,mean,0.0238111791467028,1.8218227403504508,0.7131375185080937,0.8514715237276894,478.3411165589933,168.0,152.0
taxi,866.0,mean,0.0216557336305933,1.809300480570112,0.6959343620709011,0.8169765106269291,811.4883406611625,275.0,259.0
taxi,12.0,mean,0.0213953773690653,1.753257552215031,0.7013173869677952,0.8317982247897557,1811.2986426879647,613.0,597.0
taxi,4.0,mean,0.0213180566273097,1.7955342377935135,0.7125647936548506,0.8568482543740954,616.7807680659462,208.0,192.0
wage,0.0,marginal,0.032037897594273,1.490869951248169,0.7035111546516418,0.6994333446025849,160.1315413590055,133.0,117.0
wage,42.0,marginal,0.0302839608862996,1.065893691778183,0.729630845785141,0.7565008103847504,123.32601656089535,100.0,84.0
wage,866.0,marginal,0.0341688082553446,0.9611552834510804,0.7158909380435944,0.7210508406162262,106.805647311965,86.0,70.0
wage,12.0,marginal,0.0276920838281512,1.4478745222091676,0.6930844366550446,0.6864264845848084,237.7837516069412,194.0,178.0
wage,4.0,marginal,0.0317355388775467,2.20268542766571,0.726659643650055,0.7235477507114411,295.0888930009678,239.0,223.0
households,0.0,marginal,0.0334756110484401,3.3663450479507446,0.965862234433492,0.6738035579522451,164.42826892784797,143.0,127.0
households,42.0,marginal,0.0316833288719256,3.459230780601501,0.95857905348142,0.6630427241325378,157.10849255812354,130.0,114.0
households,866.0,marginal,0.0288852114851276,3.196552475293477,0.9358783861001332,0.6383408010005951,226.4144202810712,186.0,170.0
households,12.0,marginal,0.0276294766614834,3.3768357833226523,0.9429818093776704,0.6294378340244293,169.33778780000284,139.0,123.0
households,4.0,marginal,0.0297376091281573,3.313805301984152,0.931780606508255,0.6199955145517985,175.49825821304694,140.0,124.0
air,0.0,marginal,0.0366318933665752,5.859702825546265,1.463949942588806,1.023960828781128,178.1708442128729,130.0,114.0
air,42.0,marginal,0.0440664980560541,5.735034561157226,1.4253400087356567,0.9452982664108276,185.6669135668781,136.0,120.0
air,866.0,marginal,0.0368821170181036,5.5039954662323,1.3430994868278503,0.8077754557132721,196.85593877593053,143.0,127.0
air,12.0,marginal,0.0407455360516905,5.844730424880981,1.4360177516937256,0.9293553709983826,179.7413494088687,131.0,115.0
air,4.0,marginal,0.0405896093696355,5.709846925735474,1.4534365296363831,0.9802431344985962,158.66754917101937,116.0,100.0
births1,0.0,marginal,0.0279942411929369,1.2307592988014222,0.7129030764102936,0.8552314519882203,249.29436957906,186.0,170.0
births1,42.0,marginal,0.0287599944509565,1.3649933338165283,0.7390850603580474,0.8942293584346771,233.48093488812447,178.0,162.0
births1,866.0,marginal,0.0254253132268786,1.3638700485229491,0.730372679233551,0.8735012769699096,182.34074285300449,139.0,123.0
births1,12.0,marginal,0.0290631115436553,1.3384101569652558,0.7309714615345001,0.8457961738109588,148.3949611959979,112.0,96.0
births1,4.0,marginal,0.0281369660049676,1.6190079689025878,0.7326799154281616,0.8653771460056305,293.0440447940491,221.0,205.0
births2,0.0,marginal,0.0281963001936674,-4.065315413475036,1.006694746017456,1.1810513138771055,295.1365879268851,222.0,206.0
births2,42.0,marginal,0.0272275317460298,-2.3034868240356445,0.876376724243164,0.7984618067741394,298.6327288579196,214.0,198.0
births2,866.0,marginal,0.0343668865039944,-1.640253973007202,0.9546358108520508,0.9822876527905464,196.56120701902543,139.0,123.0
births2,12.0,marginal,0.0401369972154498,-4.353215527534485,0.8731768369674683,0.8754824280738831,302.0587250669487,213.0,197.0
births2,4.0,marginal,0.0323677416890859,-4.047108578681946,0.9901670694351196,0.9858117878437044,344.83929747599177,243.0,227.0
scm20d,0.0,marginal,0.0296551510691642,7.550847709178925,2.260731548070908,0.7433173730969429,122.19080603914335,79.0,63.0
scm20d,42.0,marginal,0.0284867472946643,8.381224870681763,2.2714036107063293,0.7556927055120468,131.7736585920211,86.0,70.0
scm20d,866.0,marginal,0.0320792170241475,7.306208610534668,2.216675400733948,0.7122185006737709,119.54143935907632,77.0,61.0
scm20d,12.0,marginal,0.0340025711338967,8.33558052778244,2.2415439188480377,0.7325271144509315,106.7143574480433,69.0,53.0
scm20d,4.0,marginal,0.035173492738977,7.393018424510956,2.186461627483368,0.7001053541898727,134.16171130281873,87.0,71.0
scm1d,0.0,marginal,0.0260696595327721,7.441820674472385,1.7913895315594144,0.4563293854395548,162.82482601585798,99.0,83.0
scm1d,42.0,marginal,0.0238703108496136,6.0205398135715065,1.8732454246944847,0.5337118440204196,229.45946687296964,141.0,125.0
scm1d,866.0,marginal,0.0197135543243752,6.025063143836127,1.9359302785661483,0.5724481476677789,150.8638535470236,92.0,76.0
scm1d,12.0,marginal,0.0244524952852063,6.252986325158013,1.7131066057417128,0.4446454644203186,178.51014706492424,109.0,93.0
scm1d,4.0,marginal,0.0249590002414253,6.668783028920491,1.984152873357137,0.5928397377332052,146.12264723703265,91.0,75.0
wq,0.0,marginal,0.1339826881885528,20.73223114013672,2.564859628677368,1.0113706588745115,119.0658346840646,103.0,87.0
wq,42.0,marginal,0.1779666393995285,24.155107498168945,2.512589931488037,0.9530882239341736,21.37088191881776,18.0,2.0
wq,866.0,marginal,0.1361694633960724,22.12576103210449,2.736865282058716,1.1592477560043335,115.01456242287531,99.0,83.0
wq,12.0,marginal,0.1734793484210968,27.540679931640625,2.5591959953308105,0.9853853583335876,65.04388423683122,55.0,39.0
wq,4.0,marginal,0.1416313499212265,176.12222290039062,2.6598095893859863,1.08950674533844,119.53360961587168,101.0,85.0
scpf,0.0,marginal,0.0314991250634193,-5.738547801971436,0.251884400844574,0.2430928200483322,321.0982856079936,284.0,268.0
scpf,42.0,marginal,0.0250203665345907,-5.526483535766602,0.2555886805057525,0.160228818655014,333.31433273106813,296.0,280.0
scpf,866.0,marginal,0.0310427453368902,-4.901265621185303,0.5315983295440674,1.0556187629699707,378.112928021932,330.0,314.0
scpf,12.0,marginal,0.0898366570472717,5.930738925933838,1.170729398727417,4.922722339630127,98.54992141202092,86.0,70.0
scpf,4.0,marginal,0.0781847685575485,3.724519729614258,0.7837123274803162,1.3367552757263184,105.7865107471589,93.0,77.0
meps_21,0.0,marginal,0.0250660906312987,-1.777273178100586,0.4058237448334694,0.6940013924613595,162.76862922799774,105.0,89.0
meps_21,42.0,marginal,0.0245463922619819,-1.7356256172060966,0.4134648460894823,0.7138234758749604,121.3777039819397,77.0,61.0
meps_21,866.0,marginal,0.0227800732245668,-1.884981520473957,0.3906815927475691,0.7023132806643844,234.77992652496323,151.0,135.0
meps_21,12.0,marginal,0.0226228230749256,-1.782385140657425,0.4015827141702175,0.6290813498198986,182.6651317439973,113.0,97.0
meps_21,4.0,marginal,0.024331723107025,-1.6176615953445437,0.4401662033051252,0.8191908039152622,184.92524281609803,119.0,103.0
meps_19,0.0,marginal,0.025705974898301,-1.7236963212490082,0.4206382725387811,0.8104521539062262,219.46629902999848,140.0,124.0
meps_19,42.0,marginal,0.0234424148220568,-1.7878155931830406,0.3980872724205255,0.6845554523169994,134.0837958410848,84.0,68.0
meps_19,866.0,marginal,0.0295513748424127,-1.7785002663731575,0.4065285678952932,0.6884190086275339,190.38597724190916,117.0,101.0
meps_19,12.0,marginal,0.021906872279942,-1.7514078840613363,0.3768210187554359,0.5365746114403009,136.71778424899094,87.0,71.0
meps_19,4.0,marginal,0.0238681148039177,-1.8694816902279852,0.4076997451484203,0.6992376074194908,141.43460757890716,90.0,74.0
meps_20,0.0,marginal,0.0215562718092567,-1.6595076190100777,0.4242420179976357,0.9186630563603508,169.57472537294962,105.0,89.0
meps_20,42.0,marginal,0.0229337473089496,-1.7613081534703572,0.3861012210448583,0.6437021262115903,119.19543126085772,74.0,58.0
meps_20,866.0,marginal,0.0201327330950233,-1.7224141392442915,0.4097763978772693,0.7055799298816257,197.1141261199955,109.0,93.0
meps_20,12.0,marginal,0.0244295116927888,-1.6262708637449477,0.4134115212493472,0.6281246840953827,205.23915621009652,117.0,101.0
meps_20,4.0,marginal,0.022996477679246,-1.4750633107291329,0.4270277768373489,0.8929679244756699,185.924184757052,104.0,88.0
house,0.0,marginal,0.0209765177139121,1.020371862079786,0.5832541507223378,0.5460516745629518,345.7238399460912,179.0,163.0
house,42.0,marginal,0.0196368756258617,1.5148178572240083,0.5472633968228879,0.4938903321390566,710.3341203089803,363.0,347.0
house,866.0,marginal,0.0233755550630714,0.8304261228312617,0.56781398213428,0.5337923842927684,493.4332264380064,253.0,237.0
house,12.0,marginal,0.0200387420861617,0.6956318720527317,0.5315492528936138,0.4737470072248708,789.1095135721844,404.0,388.0
house,4.0,marginal,0.0207656435263545,0.7081296107043391,0.5522048913914225,0.5211405663386636,934.7952155279928,465.0,449.0
bio,0.0,marginal,0.021939781604006,-0.6908962370133868,0.2382985639805887,0.2837042639068529,1007.0716659799218,332.0,316.0
bio,42.0,marginal,0.021230361953962,-0.5423777962432188,0.2767369875720903,0.7960514679697215,1039.333104375051,320.0,304.0
bio,866.0,marginal,0.0208146816448253,-0.6892594724309211,0.2417319522184484,0.3439785648210376,1353.5373302600349,421.0,405.0
bio,12.0,marginal,0.0207603496554143,-0.6322014501281813,0.250593678039663,0.3724830609326269,924.4642313350924,302.0,286.0
bio,4.0,marginal,0.0220691788503352,-0.6675957675073662,0.2463679696414984,0.2744219267339098,978.4830360729248,313.0,297.0
blog_data,0.0,marginal,0.0227855030384104,-0.4555930994072203,0.6384759232149286,0.7401974216356115,368.16801840090193,105.0,89.0
blog_data,42.0,marginal,0.0239688597651103,-0.224357727473065,0.6684051772295418,0.8712496075589778,451.4660060540773,125.0,109.0
blog_data,866.0,marginal,0.0227458846076565,-0.4626644410319247,0.6509992096383693,0.8980050824456296,344.5968437690753,94.0,78.0
blog_data,12.0,marginal,0.0231384173572316,-0.3551847722570775,0.6228455163664737,0.7471775170099937,355.56058606808074,100.0,84.0
blog_data,4.0,marginal,0.0239363632843656,-0.3935731870390601,0.6443229166127867,0.79446941614151,365.9806386579294,105.0,89.0
calcofi,0.0,marginal,0.0199670654784168,0.6002353255738732,0.421240048936936,0.3350689532626577,3688.214435927104,94.0,78.0
calcofi,42.0,marginal,0.0207677112477479,0.5967102205897329,0.4213144509043513,0.3334717454247865,4943.438938330859,107.0,91.0
calcofi,866.0,marginal,0.0198073699129275,0.5834024083025816,0.4211463573224404,0.3353910582969669,8931.004427274223,198.0,182.0
calcofi,12.0,marginal,0.0197352585539284,0.6028476954758668,0.4200154860355273,0.3302874202456544,5553.075709947152,112.0,96.0
calcofi,4.0,marginal,0.0204579322696702,0.5972372888579589,0.4227038561796942,0.3406499109598769,6678.42396949511,134.0,133.0
ansur2,0.0,marginal,0.0335322087630629,1.930418610572815,0.5548340976238251,0.3707834482192993,183.73314238805324,133.0,117.0
ansur2,42.0,marginal,0.0170394321903586,1.8802735805511477,0.541463315486908,0.3595956116914749,260.89213581592776,192.0,176.0
ansur2,866.0,marginal,0.0338386530056595,1.8749468326568604,0.5556663274765015,0.3953165113925934,279.92132394295186,214.0,199.0
ansur2,12.0,marginal,0.0517978947609663,1.920487642288208,0.5565658807754517,0.3833061903715133,261.3261537309736,198.0,182.0
ansur2,4.0,marginal,0.0237863473594188,1.82198166847229,0.5324988067150116,0.3512501120567322,305.19813307584263,232.0,216.0
taxi,0.0,marginal,0.0217379307241312,1.7887814726148332,0.691204822914941,0.8131450252873557,1495.5178818360437,309.0,293.0
taxi,42.0,marginal,0.0207163409196904,1.8553854363305229,0.719053829567773,0.9367249812398638,1288.8626891928725,269.0,253.0
taxi,866.0,marginal,0.020331485196948,1.759499171801976,0.6984867027827671,0.8342029205390386,1229.7351862629876,256.0,240.0
taxi,12.0,marginal,0.0218464021171842,1.839495083263942,0.7101403994219644,0.8473927761827197,1528.0417870560195,320.0,304.0
taxi,4.0,marginal,0.0190330769201474,1.7641442860875811,0.7130961401121957,0.8680898155484881,1361.9727811319754,286.0,270.0
wage,0.0,pca,0.0324878606013953,2.2415077090263367,0.7003048598766327,0.6571027517318726,175.63412477099337,135.0,119.0
wage,42.0,pca,0.0305079029873013,0.7218486189842224,0.746562534570694,0.7851499319076538,90.1466628909111,67.0,51.0
wage,866.0,pca,0.0344084793701767,0.9316015601158142,0.7240450084209442,0.7194116652011872,121.79855415201746,87.0,71.0
wage,12.0,pca,0.033227383159101,1.4343557000160216,0.6954466581344605,0.6784580826759339,237.2271386650391,177.0,161.0
wage,4.0,pca,0.0298131230287253,1.4421028196811676,0.7545306146144867,0.7874322831630707,124.79254629998468,93.0,77.0
households,0.0,pca,0.0262894293603797,3.443732102711996,0.9760839442412058,0.6703494191169739,196.08040207601152,153.0,137.0
households,42.0,pca,0.0249315671001871,3.4122559626897178,0.9572159747282664,0.649600625038147,193.83338190522045,143.0,127.0
households,866.0,pca,0.0228024252379934,3.307263175646464,0.9387512505054474,0.6389085352420807,225.4179097241722,166.0,150.0
households,12.0,pca,0.024073835927993,3.425299406051636,0.9527525504430135,0.6281156539916992,175.58282947796397,125.0,109.0
households,4.0,pca,0.0280780683582027,3.3297556241353354,0.940287878115972,0.6259440382321676,158.9271200299263,115.0,99.0
air,0.0,pca,0.0396208826452493,5.837144041061402,1.4443523645401002,1.002838170528412,193.31232483498752,123.0,107.0
air,42.0,pca,0.0368323061615228,5.722889041900634,1.4154294967651366,0.94007950425148,174.9038230869919,110.0,94.0
air,866.0,pca,0.0277012770995497,5.482361364364624,1.3583607912063598,0.8213822305202484,198.05911362287588,122.0,106.0
air,12.0,pca,0.0325449392199516,5.747052907943726,1.4255393981933593,0.9276999533176422,219.7926780499984,136.0,120.0
air,4.0,pca,0.0367690496146678,5.813190031051636,1.43815336227417,0.9651406764984132,254.43451203405857,157.0,141.0
births1,0.0,pca,0.0369206281378865,1.3778610467910766,0.7114009082317352,0.840623265504837,347.0098462391179,216.0,200.0
births1,42.0,pca,0.0317546306177973,1.3180848360061646,0.736392205953598,0.8937440514564514,224.4945815799292,145.0,129.0
births1,866.0,pca,0.0336564097553491,1.370267879962921,0.7310239732265472,0.8581071883440018,331.38642061990686,217.0,201.0
births1,12.0,pca,0.0330739326775074,1.9821195244789125,0.7134560286998749,0.815698254108429,339.1227796738968,221.0,205.0
births1,4.0,pca,0.0340156354010105,1.630133330821991,0.7390408635139465,0.8948305785655976,224.31805375008844,147.0,131.0
births2,0.0,pca,0.0310545578598976,-4.909078216552734,0.9528716027736664,1.06458221077919,431.9643975088839,282.0,266.0
births2,42.0,pca,0.0358621893450617,-4.493137526512146,0.848568320274353,0.7145411372184753,330.01956707495265,215.0,199.0
births2,866.0,pca,0.0423255484551191,-5.116948461532592,0.8694724798202514,0.8621284827589989,352.7247235130053,227.0,211.0
births2,12.0,pca,0.0638993479311466,-3.3967995405197144,0.8641456663608551,0.8681527659296989,149.20918685314246,96.0,80.0
births2,4.0,pca,0.0363105028867721,-4.143289947509766,0.9510020196437836,0.9105815649032593,300.4615899990313,192.0,176.0
scm20d,0.0,pca,0.0286337411962449,7.84220153093338,2.2416651844978333,0.7159954756498337,108.81030287384056,69.0,53.0
scm20d,42.0,pca,0.02556519722566,7.602580606937408,2.250993728637696,0.7292186543345451,121.38656896888278,76.0,60.0
scm20d,866.0,pca,0.0251062628813087,8.144643366336823,2.307961732149124,0.7847199141979218,106.67849075002596,67.0,51.0
scm20d,12.0,pca,0.0316146805416792,8.028429388999939,2.2658731937408447,0.7469566538929939,120.6952714920044,74.0,58.0
scm20d,4.0,pca,0.0289248761255294,8.051425397396088,2.249933689832688,0.7371368259191513,103.68340283003636,65.0,49.0
scm1d,0.0,pca,0.0264928272614876,7.455167081620958,1.9810408353805544,0.5843393802642822,114.69079450005664,68.0,52.0
scm1d,42.0,pca,0.0253031156543228,13.744997183481852,1.7751897308561535,0.4586935871177249,165.24496039096266,97.0,81.0
scm1d,866.0,pca,0.0212220600288775,6.702827082739936,1.8920053376091848,0.5178839332527585,97.88582506915554,57.0,41.0
scm1d,12.0,pca,0.0232148187028037,6.70776891708374,1.9789245393541124,0.5976153413454691,177.72607176518068,105.0,89.0
scm1d,4.0,pca,0.0236656924502717,6.2482148276435,2.125934839248657,0.6925667723019918,177.27471768995747,101.0,85.0
wq,0.0,pca,0.0853085070848465,20.26655578613281,2.5513153076171875,0.9934665560722352,158.57583392201923,132.0,116.0
wq,42.0,pca,0.1100428774952888,19.91511344909668,2.493619441986084,0.9456279277801514,103.86183490999974,82.0,66.0
wq,866.0,pca,0.100183680653572,23.625383377075195,2.7363672256469727,1.1400223970413208,104.5746905459091,87.0,71.0
wq,12.0,pca,0.0935415476560592,241.5875244140625,2.5672855377197266,0.983822226524353,47.49891028692946,39.0,23.0
wq,4.0,pca,0.1097870171070098,35.21120071411133,2.659484386444092,1.0769187211990356,119.50479209190236,101.0,85.0
scpf,0.0,pca,0.0344095975160598,-5.444799900054932,0.2202599644660949,0.1850713938474655,352.884017188102,301.0,285.0
scpf,42.0,pca,0.0191579554229974,-4.68793249130249,0.2474265098571777,0.1483745276927948,357.88861993397586,302.0,286.0
scpf,866.0,pca,0.0374840125441551,-3.49294114112854,0.5330712795257568,1.0517194271087646,293.3720064179506,245.0,229.0
scpf,12.0,pca,0.0340842902660369,-0.6887354850769043,0.9409856796264648,4.45830774307251,243.1019225830678,207.0,191.0
scpf,4.0,pca,0.0353032499551773,-4.1586012840271,0.5479018688201904,1.2005850076675415,426.2316389179323,364.0,348.0
meps_21,0.0,pca,0.0250918841338716,-1.8385038524866104,0.3864510338753462,0.6390388440340757,303.35412359493785,152.0,136.0
meps_21,42.0,pca,0.0244510305346921,-1.822059586644173,0.3855670727789402,0.6246159737929702,302.15228145802394,147.0,131.0
meps_21,866.0,pca,0.0289108470315113,-1.8846336901187897,0.3977975714951753,0.6903386674821377,180.9687224428635,89.0,73.0
meps_21,12.0,pca,0.0218838887521997,-1.7220838963985443,0.398663192987442,0.6056762803345919,260.3238062360324,127.0,111.0
meps_21,4.0,pca,0.0270622847601771,-1.7588532492518425,0.3963068202137947,0.7138031078502536,260.6800035799388,128.0,112.0
meps_19,0.0,pca,0.0277023147791624,-1.620043970644474,0.3920664228498935,0.684632146731019,228.45094154495743,109.0,93.0
meps_19,42.0,pca,0.0241204313351772,-1.7878311425447464,0.3980619553476572,0.6449487786740065,230.48686248296872,112.0,96.0
meps_19,866.0,pca,0.0262116836383938,-1.7557423561811447,0.4018245059996843,0.649347448721528,193.19596640905365,92.0,76.0
meps_19,12.0,pca,0.0215595575864426,-1.7947371378540993,0.3685587737709284,0.502881359308958,201.6030712670181,98.0,82.0
meps_19,4.0,pca,0.0255055743618868,-1.9688275530934327,0.3852949123829603,0.6423574276268482,291.8157261221204,142.0,126.0
meps_20,0.0,pca,0.0223263806353012,-1.5752170516384971,0.4443103886312908,0.9079831060436035,200.429987735115,89.0,73.0
meps_20,42.0,pca,0.0226096738543775,-2.0072518984476724,0.3799990498357349,0.6097062942054536,265.0505459110718,121.0,105.0
meps_20,866.0,pca,0.0211751705759929,-1.66431525349617,0.4102991703483793,0.7052182538641824,150.53219627286308,69.0,53.0
meps_20,12.0,pca,0.0255624437704682,-1.5781163771947224,0.4159567372666465,0.6380138513114717,203.02665133401752,90.0,74.0
meps_20,4.0,pca,0.0262076799861258,-1.6846264402071636,0.4224866976340611,0.8497384968731139,270.04856003797613,122.0,106.0
house,0.0,pca,0.0238716705985691,1.297340786975363,0.590741893519526,0.5372689755066581,385.56856522499584,157.0,141.0
house,42.0,pca,0.0193028115950848,0.625800249369248,0.5191385888535044,0.4616443450036256,1090.2321287831292,456.0,455.0
house,866.0,pca,0.0247493124283526,1.7957052303397136,0.6939520628555961,0.6470662018527156,77.81198814604431,32.0,16.0
house,12.0,pca,0.0207419634756186,0.6051850668762041,0.519522232853848,0.4608796809030616,1188.8095073269214,441.0,425.0
house,4.0,pca,0.0223701487740744,0.8220472620881122,0.5608382199121558,0.5166723767052526,905.2677811060566,324.0,308.0
bio,0.0,pca,0.0230878270139881,-0.6506314137402702,0.2411405999286502,0.2781096945936773,1394.2243034169078,293.0,289.0
bio,42.0,pca,0.0209905657844216,-0.4772527426773426,0.2759403133509205,0.7926766057224834,1526.209172612056,323.0,318.0
bio,866.0,pca,0.0196997584117686,-0.6727805786273059,0.2406388807530496,0.3341341652706557,1377.4652907331474,356.0,340.0
bio,12.0,pca,0.0230828809058841,-0.4803883389515035,0.2581578358715656,0.3783017620444298,457.19356315396726,136.0,120.0
bio,4.0,pca,0.0201703516182069,-0.6829310001111498,0.2431534444000206,0.2647339496396336,1153.0775559048634,325.0,309.0
blog_data,0.0,pca,0.0249439368687443,-0.4928233796509645,0.656993264869108,0.7388924117815696,376.6102958580013,93.0,77.0
blog_data,42.0,pca,0.0235688326469922,-0.3270326094480894,0.6666279182595721,0.8613521648665606,376.5710720261559,86.0,70.0
blog_data,866.0,pca,0.02574363938075,-0.5310581894749302,0.676063522443933,0.8716998686224727,546.9341402640566,110.0,94.0
blog_data,12.0,pca,0.0240503709637007,-0.5131356459805521,0.6650332960031801,0.7877248919616311,409.3685696539469,83.0,67.0
blog_data,4.0,pca,0.0270186129294462,-0.519313682123261,0.6819501468690775,1.0914930721460765,542.6806892668828,109.0,93.0
calcofi,0.0,pca,0.0206169731926736,0.5917358669225409,0.4201546459137892,0.3333843229260264,9458.26959502697,153.0,137.0
calcofi,42.0,pca,0.0210863400970687,0.6111319665679661,0.4215701701072584,0.3377824765512672,6068.258363642031,98.0,87.0
calcofi,866.0,pca,0.0204510242744748,0.5898611866751639,0.4206025458308829,0.3337506074145311,8613.098520493833,143.0,127.0
calcofi,12.0,pca,0.0207438036005067,0.5901507127623097,0.4196261607987039,0.3295009247019511,1863.3972734140696,69.0,53.0
calcofi,4.0,pca,0.0206521889048104,0.61087878806,0.4222260352944125,0.3367308188668069,1602.0743440459482,59.0,43.0
ansur2,0.0,pca,0.0394986644387245,1.832431972026825,0.540238231420517,0.3636595904827118,245.93763260915875,240.0,224.0
ansur2,42.0,pca,0.0295288385823369,1.846450924873352,0.5443708598613739,0.3662321418523788,247.5796696329489,243.0,228.0
ansur2,866.0,pca,0.0427716467529535,1.9352030754089355,0.5664329826831818,0.3974562734365463,159.401832544012,154.0,138.0
ansur2,12.0,pca,0.0525673329830169,1.8939990401268003,0.5596801042556763,0.3874126374721527,239.726434977958,238.0,222.0
ansur2,4.0,pca,0.0346740782260894,1.8239835500717163,0.5351255238056183,0.3514659255743027,160.1488659970928,158.0,142.0
taxi,0.0,pca,0.0221448708325624,1.7617846999849591,0.69011435849326,0.8126500197819301,1033.1248420621268,358.0,342.0
taxi,42.0,pca,0.0221913508937827,1.8909750972475323,0.7170837777001517,0.8662121031965528,307.0597824838478,106.0,90.0
taxi,866.0,pca,0.0234545549776937,1.8307077986853464,0.7036021837166377,0.8255488812923432,664.3896812959574,225.0,209.0
taxi,12.0,pca,0.0209622720256447,1.8103629350662231,0.7061230855328696,0.8448538022381918,710.7195965209976,246.0,230.0
taxi,4.0,pca,0.0235192556732467,1.875200092792511,0.7159662817205702,0.8770848069872175,452.6677070008591,151.0,135.0
households,0.0,density,0.0422995084275802,3.361139933268229,0.95579061905543,0.6632499496142069,549.931891601067,197.0,181.0
households,42.0,density,0.0357521008700132,3.275663455327352,0.9378422598044076,0.6408476233482361,723.0119229401462,254.0,238.0
households,866.0,density,0.0351088702057798,3.245521148045858,0.9287447929382324,0.6320602297782898,729.3230794640258,255.0,239.0
households,12.0,density,0.0459898114204406,3.286988536516825,0.9372018178304036,0.6342450082302094,623.4322342479136,217.0,201.0
households,4.0,density,0.0449798145952324,3.218209226926168,0.9189523657162983,0.6218646367390951,787.4762965359259,279.0,263.0
air,0.0,density,0.0379064401611685,5.777572584152222,1.422837221622467,0.9936986804008484,916.7486453771126,249.0,233.0
air,42.0,density,0.0481116006150841,5.676937675476074,1.4088496685028076,0.9370797336101532,772.4547418130096,206.0,190.0
air,866.0,density,0.0332791861146688,5.389560413360596,1.346909582614899,0.8125706076622009,870.1619584229775,235.0,219.0
air,12.0,density,0.0456718639470636,5.765413570404053,1.428366494178772,0.9320288479328156,739.3857650540303,201.0,185.0
air,4.0,density,0.0463846072554588,5.677204370498657,1.4552975654602052,0.9805162012577056,724.4822939471342,196.0,180.0
births1,0.0,density,0.0264264373108744,2.1194324135780334,0.7076197504997254,0.8475068986415863,928.2636997769588,244.0,228.0
births1,42.0,density,0.0337836015969514,2.180340075492859,0.7252975761890411,0.8817414462566375,709.4735049630981,185.0,169.0
births1,866.0,density,0.031004383508116,2.009090566635132,0.7243035793304443,0.8520991295576096,1337.0327466188464,278.0,262.0
births1,12.0,density,0.0331328137777745,2.163958263397217,0.7154866933822632,0.8301363229751587,917.8798411909956,169.0,153.0
births1,4.0,density,0.0324413563124835,2.198408377170563,0.7276912152767181,0.8867999970912933,1148.398991893977,212.0,196.0
births2,0.0,density,0.0584393817931413,-1.830910712480545,1.0436473548412324,1.1982335567474365,1356.1922932709567,230.0,214.0
births2,42.0,density,0.0406332412734627,-2.654273235797882,0.8999903500080109,0.7995430827140808,1835.684551845072,267.0,251.0
births2,866.0,density,0.032513228431344,-1.3244562685489654,0.9324670374393464,0.9218752428889274,1462.0949046448804,223.0,207.0
births2,12.0,density,0.041239115782082,12.42809829711914,0.8759137570858002,0.8815721094608306,1146.052651390899,186.0,170.0
births2,4.0,density,0.0551745258271694,-1.564331990480423,1.0197024643421173,0.986864459514618,1062.314737281995,162.0,146.0
wage,0.0,density,0.3072008818387985,2.867638039588928,0.8981708586215973,1.0083212196826934,143.03078625514172,20.0,4.0
wage,42.0,density,0.3193677365779876,2.918313145637512,0.9129643023014068,1.0224656581878662,149.70295040891506,21.0,5.0
wage,866.0,density,0.0333239970728755,1.3982274293899537,0.8668017625808716,0.9036083579063416,1408.6608105611522,207.0,191.0
wage,12.0,density,0.3212456464767456,2.847877073287964,0.8931571841239929,0.975645500421524,129.55193924088962,20.0,4.0
wage,4.0,density,0.338099330663681,2.8852215051651,0.9084312438964844,1.00449378490448,134.15704188519155,21.0,5.0
scm20d,0.0,density,0.0753198331221938,8.063788414001465,2.3489363193511963,0.8204993084073067,546.2119726759847,95.0,79.0
scm20d,42.0,density,0.0865194252692163,7.8484126925468445,2.3829417526721954,0.8407506346702576,644.7526747069787,107.0,91.0
scm20d,866.0,density,0.0735377026721835,7.693380057811737,2.4138906598091125,0.8751772567629814,513.3899695940781,77.0,61.0
scm20d,12.0,density,0.0995845003053546,8.584339618682861,2.3826917707920074,0.8474129661917686,675.6970264548436,98.0,82.0
scm20d,4.0,density,0.0874198898673057,7.721946895122528,2.4065696001052856,0.8634837195277214,757.4838975491002,110.0,94.0
scm1d,0.0,density,0.1030595749616622,9.111212094624838,1.848153246773614,0.5241865548822615,1128.88181304303,146.0,130.0
scm1d,42.0,density,0.09263935767942,8.948819319407145,2.002174946996901,0.6158797144889832,924.4173882629256,120.0,104.0
scm1d,866.0,density,0.0853079681595166,7.951342847612169,2.1589738527933755,0.71457572778066,684.337486759061,90.0,74.0
scm1d,12.0,density,0.0834858748647901,6.307908746931288,2.1311664051479764,0.7014962832132975,828.5601327389013,108.0,92.0
scm1d,4.0,density,0.1000437769624922,6.065179612901476,2.132632679409451,0.7053954733742608,1491.6434038260486,147.0,131.0
wq,0.0,density,0.3187735974788666,20.0959701538086,2.552110433578491,1.0003798007965088,225.80044693103991,94.0,78.0
wq,42.0,density,0.4226415157318115,21.17283821105957,2.502504587173462,0.9533212184906006,111.743244813988,46.0,30.0
wq,866.0,density,0.3128854632377624,21.46065139770508,2.714783906936645,1.138569712638855,298.8761110310443,125.0,109.0
wq,12.0,density,0.425188660621643,24.98589515686035,2.5611677169799805,0.9900525808334352,119.192504015984,50.0,34.0
wq,4.0,density,0.3181017637252807,1470.766845703125,2.657052755355835,1.0842822790145874,288.92906392598525,119.0,104.0
scpf,0.0,density,0.1380261033773422,2.5892763137817383,0.5503358244895935,0.2888090312480926,40.34047922003083,16.0,0.0
scpf,42.0,density,0.0199576579034328,-3.14888882637024,0.2976387739181518,0.1508161127567291,1208.5804654760286,494.0,478.0
scpf,866.0,density,0.0232596676796674,-1.0100163221359253,0.6430273652076721,1.1278835535049438,1115.284886784153,454.0,438.0
scpf,12.0,density,0.0208005849272012,1.1891450881958008,1.0079693794250488,4.470869541168213,773.2309496840462,361.0,345.0
scpf,4.0,density,0.0316898301243782,0.737150251865387,0.7266620397567749,1.3450233936309814,684.3576540839858,403.0,387.0
meps_21,0.0,density,0.0288902058964595,-1.1984653733670712,0.4110220968723297,0.6746910074725747,1956.075623994926,190.0,174.0
meps_21,42.0,density,0.0269877276150509,-1.2089699991047382,0.3882429338991642,0.6449156384915113,2815.585309281014,186.0,170.0
meps_21,866.0,density,0.0236178046907298,-1.290005050599575,0.3811561800539493,0.6766112092882395,3098.017141337041,194.0,178.0
meps_21,12.0,density,0.0261086579412221,-1.094184711575508,0.4094856120646,0.6278672069311142,2563.4961461138446,160.0,144.0
meps_21,4.0,density,0.0260201447526924,-0.7533790282905102,0.4504633489996195,0.8215048480778933,1514.4108158559538,95.0,79.0
meps_19,0.0,density,0.0248049962101504,-0.9009544663131236,0.4164311997592449,0.7603046521544456,1816.443551396951,109.0,93.0
meps_19,42.0,density,0.0267328117624856,-0.9757740162312984,0.3932306282222271,0.6386169325560331,2209.3886841360945,133.0,117.0
meps_19,866.0,density,0.0345193007960915,-1.118291862308979,0.4084043763577938,0.6664594747126102,2253.2586944769137,138.0,122.0
meps_19,12.0,density,0.0270694087375886,-1.1024026833474636,0.3787293490022421,0.522969838231802,2530.033867781982,156.0,140.0
meps_19,4.0,density,0.0343051650561392,-1.3113370910286903,0.3902305159717798,0.648921612650156,3749.71034460282,226.0,210.0
meps_20,0.0,density,0.0228937305510044,-1.0746609071890514,0.4274042199055354,0.9057809114456176,2610.091463884106,147.0,131.0
meps_20,42.0,density,0.031306989180545,-1.0361110866069794,0.4138246890571382,0.6898600740565194,498.240590947913,91.0,75.0
meps_20,866.0,density,0.0263245147135522,-1.1867190798123677,0.3906453152497609,0.6585200909111235,902.1464682819789,162.0,146.0
meps_20,12.0,density,0.0273377671837806,-1.1520283155971105,0.4163170738352669,0.6166264199548297,905.977135213092,164.0,148.0
meps_20,4.0,density,0.0270177602974904,-0.949219309621387,0.4373620003461838,0.8944018267922931,683.7671376299113,123.0,107.0
house,0.0,density,0.0191479031320499,1.3171695004338804,0.6136146239612413,0.5767176617746768,793.7486530940514,118.0,102.0
house,42.0,density,0.0240389143886125,3.8134191295375,0.5551665243895157,0.4858527559301127,2843.893712821184,423.0,407.0
house,866.0,density,0.0224525073300237,1.0881559563719707,0.5970701834429866,0.563503597093665,1182.32204708294,179.0,163.0
house,12.0,density,0.0286905058943059,42.24782878937928,0.5647557248239932,0.502773809692134,2610.3615246650297,396.0,380.0
house,4.0,density,0.0252330720262682,0.8256794862125231,0.5834566173346146,0.5507196719231813,2972.128557105083,461.0,445.0
bio,0.0,density,0.0220855964420765,-0.5932590248537999,0.2448175271936491,0.2889079361715737,2936.747130508069,235.0,219.0
bio,42.0,density,0.0215259438800607,-0.2324746714210977,0.2825935456682654,0.7968718595072335,3084.6536414050497,244.0,228.0
bio,866.0,density,0.0219606284563447,-0.4902459952761145,0.2505230967905007,0.3481910890516113,2339.983367667999,186.0,170.0
bio,12.0,density,0.02004691207891,-0.4770598246478567,0.2605572372090582,0.3875422683708808,2249.7459134389646,178.0,162.0
bio,4.0,density,0.0179825335302773,-0.5622098235523,0.2519284089406331,0.2761276351178394,3090.0034273990896,239.0,223.0
blog_data,0.0,density,0.0318883921698493,-1.768467450546006,0.2780125825586965,0.3933563495086411,6794.605192658026,460.0,444.0
blog_data,42.0,density,0.0234177471848867,-0.576030274316416,0.6357704431323682,0.9567809771683256,3228.0828283429146,218.0,202.0
wage,0.0,dependency,0.0338209375739097,0.457808880507946,0.7057791769504547,0.7107849657535553,137.45898032700643,115.0,99.0
wage,42.0,dependency,0.0272181363776326,0.7986477226018905,0.7239367663860321,0.7562290012836457,164.31271231896244,133.0,117.0
wage,866.0,dependency,0.01892063440755,0.6304843306541443,0.8014403939247131,0.8713654935359955,96.59234824799933,77.0,61.0
wage,12.0,dependency,0.0232947285287082,0.5071911513805389,0.7800796627998352,0.8394999504089355,102.36750152893364,81.0,65.0
wage,4.0,dependency,0.0195410002954304,0.910915321111679,0.7501548707485199,0.7873562693595886,151.2176748381462,120.0,104.0
households,0.0,dependency,0.0236172255439062,3.276347716649373,0.9581672847270966,0.6634458204110464,194.11179792392068,171.0,155.0
households,42.0,dependency,0.0190393106701473,3.258427659670512,0.9425575534502664,0.6496787468592325,222.8378560510464,189.0,173.0
households,866.0,dependency,0.0161908113708098,3.387214104334513,0.9417969187100728,0.6496829887231191,225.54250100790523,188.0,172.0
households,12.0,dependency,0.0228456949504713,3.2963828245798745,0.9164275129636128,0.6123782694339752,300.3969892570749,247.0,231.0
households,4.0,dependency,0.0205959249287843,3.177301367123922,0.9139259258906046,0.6112440725167593,218.9046573268716,175.0,159.0
air,0.0,dependency,0.0279224854893982,5.76541690826416,1.4364020109176636,1.0010086715221405,204.58795923017897,148.0,132.0
air,42.0,dependency,0.0243661730550229,5.730931186676026,1.3974324107170104,0.9223053097724916,224.18754163198173,165.0,149.0
air,866.0,dependency,0.0195483812130987,5.383130931854248,1.3454689979553225,0.813982343673706,185.87462665094063,134.0,118.0
air,12.0,dependency,0.0328860975801944,5.730391550064087,1.4309494018554687,0.9344491004943848,174.8437558049336,124.0,108.0
air,4.0,dependency,0.0271095615811646,5.578273868560791,1.4438061594963074,0.9689337968826294,196.44169411901385,143.0,127.0
births1,0.0,dependency,0.0211808588355779,1.3329366445541382,0.7091613233089447,0.8523758709430694,309.60717378300615,238.0,222.0
births1,42.0,dependency,0.0322347549721598,2.198491930961609,0.72315913438797,0.8888484239578247,182.3184776708949,142.0,126.0
births1,866.0,dependency,0.0246479239314794,1.5326226353645325,0.7205475568771362,0.8511714100837707,267.8469508641865,207.0,191.0
births1,12.0,dependency,0.0265591449104249,1.2316254019737245,0.7116466939449311,0.8307433128356934,293.1450086578261,231.0,215.0
births1,4.0,dependency,0.0298095559701323,1.999729859828949,0.7228288412094116,0.8657847166061401,285.480943857925,225.0,209.0
births2,0.0,dependency,0.0321742000989615,-4.221763038635254,0.9790722787380218,1.080400824546814,395.0592722229194,306.0,290.0
births2,42.0,dependency,0.0322825245559215,-4.506680607795715,0.8706096768379211,0.7311935067176819,273.46690221107565,211.0,195.0
births2,866.0,dependency,0.0296112626791,-4.045188283920288,0.905248326063156,0.88824003636837,164.86463538510725,126.0,110.0
births2,12.0,dependency,0.0338748348876833,-5.6096604347229,0.8459295809268952,0.803800243139267,409.06730615510605,311.0,295.0
births2,4.0,dependency,0.0276262568309903,-3.716490507125856,0.9241391837596892,0.845803701877594,277.0459024289157,209.0,193.0
scm20d,0.0,dependency,0.0263803552370518,7.742499351501465,2.328424960374832,0.804261788725853,107.42630158504473,79.0,63.0
scm20d,42.0,dependency,0.0267688434105366,7.971256375312805,2.299059629440308,0.7763577029109001,116.11859041196294,81.0,65.0
scm20d,866.0,dependency,0.0235707826213911,7.263860762119293,2.355622708797455,0.8367600664496422,128.19125409587286,87.0,71.0
scm20d,12.0,dependency,0.0277153856586664,8.120061695575714,2.363627254962921,0.8326734974980354,111.23384017287754,77.0,61.0
scm20d,4.0,dependency,0.0190984548535197,7.5862666964530945,2.4099113941192627,0.8653008416295052,126.37641237000936,86.0,70.0
scm1d,0.0,dependency,0.0265969577141933,10.947152667575413,2.2057179080115423,0.7017531527413262,68.29494442488067,45.0,29.0
scm1d,42.0,dependency,0.0210942449048161,6.655163076188829,2.145073466830784,0.7032245397567749,130.08873368799686,85.0,69.0
scm1d,866.0,dependency,0.0191624269096387,8.168521404266357,2.230520725250244,0.75900932153066,122.50716004800051,82.0,66.0
scm1d,12.0,dependency,0.0183532444967163,6.858638551500109,2.226035118103028,0.7626728084352281,132.20789259392768,87.0,71.0
scm1d,4.0,dependency,0.0198268867615196,7.966471989949544,2.242369466357761,0.7628940277629428,84.83064597798511,54.0,38.0
wq,0.0,dependency,0.0222546216100454,20.448562622070312,2.557435750961304,0.997032344341278,137.07845382299274,119.0,103.0
wq,42.0,dependency,0.0206084381788969,21.151002883911133,2.508198499679565,0.9561311602592468,37.29455923312344,32.0,16.0
wq,866.0,dependency,0.0266185421496629,24.35186767578125,2.727344989776612,1.1388845443725586,133.2606914199423,116.0,100.0
wq,12.0,dependency,0.0340075306594371,58.10647201538086,2.5646817684173584,0.9847525358200072,42.49806945491582,37.0,21.0
wq,4.0,dependency,0.023809315636754,150.23574829101562,2.6847620010375977,1.0851266384124756,63.83988687512465,59.0,43.0
scpf,0.0,dependency,0.0266304966062307,-5.087608337402344,0.2443160116672516,0.201244905591011,338.9124593590386,330.0,314.0
scpf,42.0,dependency,0.0253420732915401,-5.73000955581665,0.2383578568696975,0.1444199830293655,387.43524633185007,381.0,365.0
scpf,866.0,dependency,0.0421684049069881,-4.825108528137207,0.5207493305206299,1.064091444015503,382.1952006940264,350.0,334.0
scpf,12.0,dependency,0.0281606409698724,-3.862450838088989,0.8715016841888428,4.446163654327393,434.1914959351998,381.0,365.0
scpf,4.0,dependency,0.0206695832312107,-4.455724716186523,0.5634670257568359,1.2465453147888184,402.00782878603786,357.0,341.0
meps_21,0.0,dependency,0.0224390720832161,-1.7166144251823423,0.4490138087421655,0.7061337232589722,158.85586037510075,86.0,70.0
meps_21,42.0,dependency,0.0206738967681303,-1.6818615198135376,0.4067020732909441,0.6723881252110004,155.14666377403773,84.0,68.0
meps_21,866.0,dependency,0.0315069144126027,-1.693045113235712,0.4365987982600927,0.767418559640646,139.87041860213503,75.0,59.0
meps_21,12.0,dependency,0.0233033140539191,-2.0167907625436783,0.3983648642897606,0.5955141950398684,244.7340207989328,130.0,114.0
meps_21,4.0,dependency,0.0258707674220204,-1.5903420373797417,0.4423215128481388,0.7819902263581753,195.51173317292705,106.0,90.0
meps_19,0.0,dependency,0.0216257105930708,-1.8365027457475664,0.4010306913405657,0.7143077943474054,216.3668692449573,118.0,102.0
meps_19,42.0,dependency,0.021664886677172,-1.6738980263471603,0.4232955165207386,0.7020697481930256,166.43770839087665,89.0,73.0
meps_19,866.0,dependency,0.0237836962332949,-1.7926410362124443,0.4138329550623894,0.6792417895048857,160.99879832798615,86.0,70.0
meps_19,12.0,dependency,0.0206515971221961,-1.7609009444713593,0.403902854770422,0.5755193512886763,157.74072453612462,82.0,66.0
meps_19,4.0,dependency,0.0258586298441514,-1.7757203429937365,0.4241279736161232,0.7072290442883968,146.10749158402905,78.0,62.0
meps_20,0.0,dependency,0.0246294306901594,-1.5316219131151836,0.4618457357088725,0.9603759629858865,144.04077974287793,72.0,56.0
meps_20,42.0,dependency,0.028000075990955,-1.8302166263262432,0.4008685400088628,0.6403517027695974,147.8657636619173,75.0,59.0
meps_20,866.0,dependency,0.0215447032306757,-1.6342128382788763,0.4270731012026469,0.7331834667258792,198.2777753418777,100.0,84.0
meps_20,12.0,dependency,0.0270574416758285,-1.495372474193573,0.462462779548433,0.7032196587986417,107.85896190907806,54.0,38.0
meps_20,4.0,dependency,0.0233489085609714,-1.7297213408682082,0.4310474627547794,0.8499318311611811,222.3173346540425,110.0,94.0
house,0.0,dependency,0.0177538768266854,0.7643292079801145,0.5388206191684889,0.4935966082241224,787.1344105459284,363.0,347.0
house,42.0,dependency,0.0184777611056747,0.5402720181838326,0.5113050989482714,0.4630856358486673,966.9274677711072,440.0,424.0
house,866.0,dependency,0.0218436388177392,0.8073314324669216,0.5779477072798688,0.5571115885091864,425.3709422890097,196.0,180.0
house,12.0,dependency,0.0212967341522807,2.5065672734509343,0.5240459221860637,0.4627188366392384,719.3662279688288,319.0,303.0
house,4.0,dependency,0.0170441262788422,0.8372766090475995,0.5738291429436725,0.5514004554437555,522.1196695519611,211.0,195.0
bio,0.0,dependency,0.0230998896683255,-0.7372840111162148,0.2364597796809439,0.2724517922044969,1725.9922002679668,427.0,411.0
bio,42.0,dependency,0.0206260737031698,-0.5071549745751363,0.2799350715735379,0.7891711702241617,929.9092049018946,236.0,220.0
bio,866.0,dependency,0.0194120720558452,-0.6195191074820126,0.2469529617650836,0.339692325276487,881.6171914609149,222.0,206.0
bio,12.0,dependency,0.0188089856950967,-0.5753583875941295,0.2573010284526675,0.3786823466127994,690.4386345061939,178.0,162.0
bio,4.0,dependency,0.0202513112704835,-0.6510320960306654,0.2487109414502686,0.2672657480865132,882.0320601342246,269.0,253.0
blog_data,0.0,dependency,0.0218836585754307,-0.4754120386758093,0.6840889443785457,0.7508707834502398,249.71061397297308,77.0,61.0
blog_data,42.0,dependency,0.0230090775195572,-0.4835734723483101,0.6971234951989126,0.9968925290188548,285.32639710605145,85.0,69.0
blog_data,866.0,dependency,0.0261730201289815,-0.3426669669353356,0.7117392148001719,1.0333617662979384,280.39436488598585,85.0,69.0
blog_data,12.0,dependency,0.0214123428499294,-0.444403173307241,0.6703522296275123,0.8266763192112163,329.4093556960579,99.0,83.0
blog_data,4.0,dependency,0.0222371764228505,-0.4757588230452295,0.7262324135182268,0.9267164923376956,243.4248894401826,71.0,55.0
calcofi,0.0,dependency,0.0196741311766888,0.590138770592939,0.4200774023638052,0.3310160495246909,8424.704053957947,178.0,162.0
calcofi,42.0,dependency,0.0201068002845066,0.5861820575914213,0.4203492010466191,0.33297880829758,5246.841621029191,108.0,92.0
calcofi,866.0,dependency,0.0193676680493747,0.5995301384823162,0.4213469482394827,0.3322937616906246,6069.911783393938,126.0,116.0
calcofi,12.0,dependency,0.020073645178839,0.5896857555548684,0.4187732536126585,0.328468144691291,3180.442498169141,134.0,118.0
calcofi,4.0,dependency,0.0193433881323479,0.5859671046472147,0.4212416009116573,0.3339517712436554,3557.757429108024,146.0,130.0
ansur2,0.0,dependency,0.0273073129355907,1.8348726034164429,0.5384981632232666,0.3776141107082367,231.23213439015672,190.0,174.0
ansur2,42.0,dependency,0.0201526526361703,1.82789409160614,0.5348288714885712,0.3704416304826736,186.95883443811908,160.0,144.0
ansur2,866.0,dependency,0.033620310947299,1.879235029220581,0.5544448494911194,0.3989158123731613,225.0873762271367,194.0,178.0
ansur2,12.0,dependency,0.0191692747175693,1.8804311156272888,0.5595324039459229,0.3946771174669266,227.8428757530637,199.0,183.0
ansur2,4.0,dependency,0.0221203649416565,1.8165611028671265,0.5345283150672913,0.3597151190042496,201.37855034903623,174.0,159.0
taxi,0.0,dependency,0.0223477713231529,1.7593076467514035,0.697496497631073,0.8394509358065468,554.0182141740806,191.0,175.0
taxi,42.0,dependency,0.0232099743559956,1.8523977484021867,0.7094420407499585,0.8592124053410122,592.5055294700433,214.0,198.0
taxi,866.0,dependency,0.0208163215246583,1.7292009268488202,0.7025747605732509,0.8640102727072579,586.9849115200341,203.0,200.0
taxi,12.0,dependency,0.020390039655779,1.792945902688163,0.7037463426589966,0.8442700939519064,660.2502865628339,237.0,221.0
taxi,4.0,dependency,0.0244997619518211,1.7519560762814113,0.7099291937691825,0.8683299737317222,597.750605869107,218.0,202.0
wage,0.0,variance,0.0334726152010262,0.8471233367919921,0.835548049211502,0.9773749113082886,104.4376200030092,78.0,62.0
wage,42.0,variance,0.0248237743973732,0.6168533891439438,0.7862106084823608,0.8577300548553467,113.54672415717503,82.0,66.0
wage,866.0,variance,0.0202850200235843,0.5908046949654817,0.7661375343799591,0.8076548218727112,103.48593519604763,75.0,59.0
wage,12.0,variance,0.0247874553315341,0.9614880830049516,0.7690213322639465,0.8012161731719971,129.50688646407798,94.0,78.0
wage,4.0,variance,0.0205874308943748,0.5696570873260498,0.8012298882007599,0.8766779184341431,95.25632498809136,68.0,52.0
households,0.0,variance,0.0246135021249453,3.4309794108072915,0.969143271446228,0.6732452015082041,171.31141523411495,145.0,129.0
households,42.0,variance,0.0216164086014032,3.305878758430481,0.9380297859509786,0.6475202143192291,225.84757439419627,185.0,169.0
households,866.0,variance,0.0168254215580721,3.222841183344523,0.9315924445788064,0.636023759841919,241.28815346793272,196.0,180.0
households,12.0,variance,0.0198865202255547,3.288300395011902,0.9447065790494285,0.6337479650974274,170.5588379369583,136.0,120.0
households,4.0,variance,0.0248992016228536,3.26639195283254,0.920850823322932,0.6120980679988861,207.8741372749209,164.0,148.0
air,0.0,variance,0.0228978517465293,5.804606533050537,1.4386260271072389,1.011684572696686,330.60792568093166,230.0,214.0
air,42.0,variance,0.0248816856183111,5.813944482803345,1.431128752231598,0.962452220916748,231.2223178499844,161.0,145.0
air,866.0,variance,0.02261728271842,5.40600004196167,1.3484007835388183,0.8234261572360992,317.09793733013794,224.0,208.0
air,12.0,variance,0.027888480387628,5.828398180007935,1.4274625539779664,0.9340345919132232,207.79934358177707,145.0,129.0
air,4.0,variance,0.0236960498616099,5.673297929763794,1.4294353485107425,0.9575878918170928,250.16086927615103,181.0,165.0
births1,0.0,variance,0.0248595329001545,2.1104219794273376,0.6969013631343841,0.8353130638599395,221.47649278398603,161.0,145.0
births1,42.0,variance,0.0403327902778983,2.1683124542236327,0.7191849291324616,0.8722950637340545,212.84151873900555,155.0,139.0
births1,866.0,variance,0.0328042587265372,1.2665202140808105,0.7212868869304657,0.8560153484344483,311.43107992899604,227.0,211.0
births1,12.0,variance,0.0290872935205698,1.3852741479873658,0.7142512083053589,0.8319711506366729,217.2682566600852,159.0,143.0
births1,4.0,variance,0.0323531232774257,2.190335488319397,0.7139899671077728,0.8456469476222992,297.62363708298653,219.0,210.0
births2,0.0,variance,0.0478180831298232,-4.525296783447265,0.975543063879013,1.1000711560249328,314.15786063601263,225.0,209.0
births2,42.0,variance,0.0460269764065742,-4.831717038154602,0.8360671103000641,0.7014122247695923,341.07898764591664,245.0,229.0
births2,866.0,variance,0.0449716446921229,-2.482002663612365,0.8860384464263916,0.8666677311062813,259.75504242116585,183.0,167.0
births2,12.0,variance,0.0441397193819284,-3.530411171913147,0.8496289163827896,0.8380932986736298,177.958559733117,124.0,108.0
births2,4.0,variance,0.0433702401816844,-4.161812567710877,0.9321111381053924,0.8689340949058533,337.888458914822,232.0,216.0
scm20d,0.0,variance,0.0552464560605585,7.560056388378143,2.343267321586609,0.8045715391635895,97.21862770197912,69.0,53.0
scm20d,42.0,variance,0.0460437200963497,7.833604097366333,2.317204266786576,0.7781833782792091,92.61784219392575,65.0,49.0
scm20d,866.0,variance,0.0421166715677827,7.095890581607819,2.292259842157364,0.7713729068636894,105.4392480480019,75.0,59.0
scm20d,12.0,variance,0.0463606766425073,8.364329755306244,2.350339263677597,0.8170707672834396,131.50903894379735,93.0,77.0
scm20d,4.0,variance,0.0399448578245937,8.47646951675415,2.3991578221321106,0.8554140031337738,116.92822221200912,83.0,67.0
scm1d,0.0,variance,0.0311435922566387,65.3511741426256,2.067709750599332,0.6389476325776842,124.85269729001448,84.0,68.0
scm1d,42.0,variance,0.052624888304207,8.814089669121635,2.1088794337378607,0.6732781926790873,102.31987867108546,67.0,51.0
scm1d,866.0,variance,0.0390291038072771,8.434423552619087,2.0285339090559216,0.6228876047664218,106.61469916417263,74.0,58.0
scm1d,12.0,variance,0.0559163718587822,7.0708333651224775,1.9774693780475192,0.5746247039900886,109.0277798739262,77.0,61.0
scm1d,4.0,variance,0.038003664670719,8.3137157758077,2.127623822953966,0.694823251830207,122.54968524700962,85.0,69.0
wq,0.0,variance,0.2632203996181488,19.672975540161133,2.542440891265869,0.9987579584121704,104.26284781703724,97.0,81.0
wq,42.0,variance,0.3497784435749054,22.20761680603028,2.5187876224517822,0.957492172718048,25.91765040298924,23.0,7.0
wq,866.0,variance,0.3076024353504181,21.40897750854492,2.7002973556518555,1.130259990692139,119.30339833907784,110.0,94.0
wq,12.0,variance,0.3484033942222595,27.10104179382324,2.551995277404785,0.9829182624816896,50.03087094891816,46.0,30.0
wq,4.0,variance,0.3433357179164886,41.26603698730469,2.692093849182129,1.1011947393417358,71.48719723592512,66.0,50.0
scpf,0.0,variance,0.0443310812115669,-5.752684116363525,0.2438478320837021,0.2115141004323959,284.3268751138821,259.0,243.0
scpf,42.0,variance,0.0256323013454675,-5.067141056060791,0.2443606853485107,0.1419301331043243,288.84971223399043,265.0,249.0
scpf,866.0,variance,0.0456331893801689,-3.989702463150024,0.5223530530929565,1.0367971658706665,306.51801590109244,286.0,270.0
scpf,12.0,variance,0.0665921196341514,6.903876304626465,1.0188192129135132,4.475429058074951,135.83014586381614,126.0,110.0
scpf,4.0,variance,0.0576644204556942,-3.717185497283936,0.5414823889732361,1.1789829730987549,382.44701432902366,357.0,341.0
meps_21,0.0,variance,0.0276867441134527,-1.5482569485902786,0.4494801629334688,0.7498901262879372,140.30084124905989,82.0,66.0
meps_21,42.0,variance,0.0235882400302216,-1.8116097301244736,0.42310387827456,0.7004734985530376,196.98205058812164,111.0,95.0
meps_21,866.0,variance,0.0303368526510894,-1.6988911032676697,0.445004004985094,0.8000818248838186,129.5691686461214,74.0,58.0
meps_21,12.0,variance,0.0288839521817863,-1.694404534995556,0.4294016044586897,0.6485259272158146,175.15790008893237,96.0,80.0
meps_21,4.0,variance,0.0286667922628112,-1.543714016675949,0.4608572889119386,0.8130378965288401,149.91867138003,79.0,63.0
meps_19,0.0,variance,0.0267091087298467,-1.7618727087974548,0.4436763599514961,0.804135337471962,167.2041689010803,92.0,76.0
meps_19,42.0,variance,0.0254613569704815,-1.869738966226577,0.4055853709578514,0.6595404949039221,216.9218054129742,117.0,101.0
meps_19,866.0,variance,0.0294629476265981,-1.5888701677322388,0.449328975751996,0.739246055483818,165.50637110392563,91.0,75.0
meps_19,12.0,variance,0.0279242714168503,-1.5779556035995483,0.4258484356105327,0.6199581883847713,83.2559189319145,45.0,29.0
meps_19,4.0,variance,0.0292742942692711,-1.6640902981162071,0.4423664659261703,0.7473515197634697,153.74735116609372,84.0,68.0
meps_20,0.0,variance,0.0269578264819251,-1.526113748550415,0.4745554311407937,0.9987092564503351,182.9054526211694,95.0,79.0
meps_20,42.0,variance,0.0279535938882165,-1.925087604257796,0.4253642112016678,0.6893999046749539,183.49042218900289,94.0,78.0
meps_20,866.0,variance,0.0246920679799384,-1.7541315754254658,0.4374294959836536,0.7408416585789787,188.9521250538528,94.0,78.0
meps_20,12.0,variance,0.0272935601986116,-1.700889481438531,0.4399758378664652,0.6596505228016112,171.8733547369484,88.0,72.0
meps_20,4.0,variance,0.0262335450905892,-1.4463164409001668,0.4876713769303428,0.9579837140109804,103.27385990903711,53.0,37.0
house,0.0,variance,0.0217211682187474,0.8653372733489327,0.5592779879984648,0.5291169298731763,442.38388535403647,208.0,192.0
house,42.0,variance,0.0199340362020808,0.6125846025736436,0.5153010526429052,0.46100812372954,894.362996354932,420.0,404.0
house,866.0,variance,0.0280404022449384,1.4808086986127107,0.6520887405976005,0.6428140064944392,98.61340435408056,45.0,29.0
house,12.0,variance,0.0207227889610373,0.5592077231925466,0.5139658321505007,0.4577902983064237,854.7711857447866,407.0,391.0
house,4.0,variance,0.0207083230109318,0.7838890371115311,0.5432885781578396,0.5063783124737118,587.646927716909,275.0,259.0
bio,0.0,variance,0.0230886759053842,-0.7226755198310403,0.2360818093898249,0.2736132268373872,1294.921871579951,338.0,322.0
bio,42.0,variance,0.0204872704640615,-0.4633352413189177,0.2803360889939701,0.7959955929248941,701.6783748748712,177.0,161.0
bio,866.0,variance,0.0200012039721888,-0.6922209338814604,0.239690115346628,0.3319971172832975,1313.448040607851,336.0,334.0
bio,12.0,variance,0.0184878575816458,-0.6266900762623432,0.2537073311852474,0.3752270049470312,1194.1281212610193,309.0,293.0
bio,4.0,variance,0.0192222710625798,-0.708502306657679,0.2430840964410819,0.2615976151736343,1323.8259455079678,369.0,353.0
blog_data,0.0,variance,0.0235332080273557,-0.3617468867766655,0.6953576651670165,0.7935696648339093,251.7130480308552,74.0,58.0
blog_data,42.0,variance,0.0240298359796909,-0.4115722507743512,0.6985201603275234,1.224130876993729,251.6550482078456,77.0,61.0
blog_data,866.0,variance,0.0254451672436069,-0.4400501789177878,0.7096239318281917,0.9127324087134864,250.6657969329972,79.0,63.0
blog_data,12.0,variance,0.022973438803801,-0.5401094264145625,0.6640471472578534,0.8370076983661975,380.9245653809048,117.0,101.0
blog_data,4.0,variance,0.0214008942909412,-0.6180557376247341,0.693439721050909,0.8745509315345247,335.8450330661144,99.0,83.0
calcofi,0.0,variance,0.0200801088250664,0.5906570366888988,0.4207450195583476,0.331542786101208,8499.084648235934,184.0,168.0
calcofi,42.0,variance,0.0200995639707118,0.6042706882189802,0.4202854102399169,0.3318652861102038,4223.274748041062,85.0,69.0
calcofi,866.0,variance,0.0192451606951693,0.5965855460332221,0.4207055251262769,0.3326843461225263,5656.960865221918,117.0,101.0
calcofi,12.0,variance,0.0196120778226857,0.5876070919344906,0.4196600768120349,0.3282487129776918,6761.74950337084,140.0,124.0
calcofi,4.0,variance,0.019304342474984,0.5894030355104879,0.4221089402479784,0.3344461247951042,9283.61253579217,120.0,104.0
ansur2,0.0,variance,0.0295022502541542,1.839422821998596,0.5326453745365143,0.3691727817058563,259.9911171931308,181.0,165.0
ansur2,42.0,variance,0.0244650524109601,1.828385829925537,0.5342960059642792,0.3786152154207229,255.5093403048813,181.0,165.0
ansur2,866.0,variance,0.0371937239542603,1.8868399262428284,0.5551280081272125,0.406255766749382,175.0174168648664,120.0,116.0
ansur2,12.0,variance,0.0238707847893238,1.8785552382469175,0.5549324750900269,0.392537459731102,207.27751380112025,150.0,134.0
ansur2,4.0,variance,0.0264690788462758,1.763144075870514,0.5209126174449921,0.3534008711576462,367.2880817400292,264.0,248.0
taxi,0.0,variance,0.025216079529907,1.7290248342922756,0.6979870438575745,0.8548855296203068,1333.837593076052,195.0,179.0
taxi,42.0,variance,0.0264698932479534,1.7862643889018468,0.7113799640110561,0.8660545281001499,1579.9621306629851,232.0,221.0
taxi,866.0,variance,0.0253941929500017,1.7720971941947936,0.696042673928397,0.8417089479310172,1853.7502306958197,272.0,256.0
taxi,12.0,variance,0.0238507381374282,1.7566573994500296,0.7037373014858791,0.8569141260215214,1691.7460698219948,248.0,232.0
taxi,4.0,variance,0.0249870736418025,1.7133206163133894,0.711453959771565,0.8851312484060015,2466.0260829119943,361.0,345.0
households,0.0,cdf,0.0288786133751273,3.356252710024516,0.9716897010803224,0.6855177183945974,691.1303912389558,219.0,203.0
households,42.0,cdf,0.0337029577543338,3.336008866628011,0.9554158945878348,0.6654196182886759,631.5750475791283,194.0,178.0
households,866.0,cdf,0.0308830772216121,3.3841156562169394,0.954384078582128,0.6739117304484049,722.5777000321541,221.0,205.0
households,12.0,cdf,0.0286049783850709,3.294457991917928,0.9495976269245148,0.6645780801773071,573.382121902192,174.0,158.0
households,4.0,cdf,0.0287965703755617,3.303984800974528,0.9237233301003774,0.632809599240621,645.2992870779708,195.0,179.0
air,0.0,cdf,0.0253415289334952,5.848572397232056,1.467764103412628,1.0699716687202454,626.6964847499039,139.0,123.0
air,42.0,cdf,0.0306949593126773,5.772433376312256,1.4435373783111571,0.997939795255661,926.2948079749476,203.0,187.0
air,866.0,cdf,0.0320261463522911,5.510354518890381,1.3910931587219235,0.8766677558422089,812.0904661400709,168.0,152.0
air,12.0,cdf,0.0350800406187772,5.977956247329712,1.474159598350525,0.9945913672447204,560.2291373158805,113.0,105.0
air,4.0,cdf,0.0300074895843863,5.784610557556152,1.485843551158905,1.036567372083664,781.5009732791223,159.0,143.0
births1,0.0,cdf,0.0297925068996846,1.5212934851646422,0.7236983418464661,0.8640999376773835,630.9111527479254,136.0,120.0
births1,42.0,cdf,0.0269402639009058,1.3093880891799927,0.7414351582527161,0.8931912541389465,897.3058902488556,194.0,178.0
births1,866.0,cdf,0.0262250076979398,1.2721613883972167,0.733761316537857,0.854479318857193,823.9928884729743,178.0,162.0
births1,12.0,cdf,0.0270080334506928,1.3152889132499694,0.7189264297485352,0.8249098777770996,713.2013728069142,147.0,131.0
births1,4.0,cdf,0.0257091052830219,1.5199958324432372,0.7413863360881805,0.8947495818138123,681.3663790530991,138.0,133.0
births2,0.0,cdf,0.0334792232140898,-4.102760553359985,0.9727548003196717,1.097752994298935,1335.2665750239976,288.0,272.0
births2,42.0,cdf,0.0314484076574444,-4.375054335594177,0.88320751786232,0.7534770131111145,1207.6964549629483,256.0,240.0
births2,866.0,cdf,0.0347096312791109,-4.325699377059936,0.9149699747562408,0.9235952466726304,1077.568872423144,213.0,197.0
births2,12.0,cdf,0.0431812025606632,-4.204068851470947,0.865045702457428,0.8621616080403328,1389.78904688498,270.0,254.0
births2,4.0,cdf,0.0420190818607807,-3.903440642356872,0.9590551495552064,0.9204150438308716,1218.0848965691405,237.0,221.0
wage,0.0,cdf,0.0284171607345342,1.5247885704040527,0.7008160948753357,0.7013514399528503,1186.742168284021,229.0,213.0
wage,42.0,cdf,0.128989091515541,2.9331330060958862,0.9296041607856752,1.049310666322708,110.5489391970914,21.0,5.0
wage,866.0,cdf,0.1062217928469181,2.8153209924697875,0.8953358948230743,0.9854699909687042,110.4789824129548,21.0,5.0
wage,12.0,cdf,0.1061117589473724,2.852160716056824,0.8996333181858063,0.992158943414688,112.0028694930952,21.0,5.0
wage,4.0,cdf,0.1159472435712814,2.9018207788467407,0.9299055755138396,1.0563100695610046,118.43970682984218,22.0,6.0
scm20d,0.0,cdf,0.0362290870398283,7.64244532585144,2.3548167943954468,0.8140587955713272,506.3092195529025,74.0,58.0
scm20d,42.0,cdf,0.0334083349443972,7.680060803890228,2.37895941734314,0.8241308778524399,526.0776404610369,76.0,60.0
scm20d,866.0,cdf,0.0289646624587476,7.963149070739746,2.3484130799770355,0.8165647014975548,551.4897016028408,79.0,63.0
scm20d,12.0,cdf,0.0238548249471932,8.439550459384918,2.379092812538147,0.8341713026165962,530.8990358710289,77.0,61.0
scm20d,4.0,cdf,0.039916415233165,7.922842085361481,2.4033349454402924,0.8529668003320694,490.6063533301931,71.0,55.0
scm1d,0.0,cdf,0.0411287335058053,11.579169220394558,1.9559233718448208,0.5472515390978919,571.2963582188822,75.0,59.0
scm1d,42.0,cdf,0.0318596783197588,8.41060119205051,1.936779671245151,0.5462134877840678,706.0280177320819,93.0,77.0
scm1d,866.0,cdf,0.0420365333557128,7.934097978803846,2.0837219026353626,0.629979133605957,547.7869687941857,72.0,56.0
scm1d,12.0,cdf,0.0323039868639575,6.731786992814806,1.984013345506456,0.5833459827635024,616.2411636810284,81.0,65.0
scm1d,4.0,cdf,0.0608512564665741,11.3167175716824,2.398811419804891,0.8713445729679532,320.5295034449082,42.0,26.0
wq,0.0,cdf,0.2441728562116623,19.80210304260254,2.5369021892547607,0.990023136138916,216.4489898730535,126.0,110.0
wq,42.0,cdf,0.2462483197450637,20.13368034362793,2.4913716316223145,0.9488793611526488,112.85894802189432,65.0,49.0
wq,866.0,cdf,0.2436068058013916,22.17709922790528,2.729697227478028,1.1443288326263428,179.2819520609919,106.0,90.0
wq,12.0,cdf,0.2470502108335495,22.849609375,2.550025224685669,0.9815009236335754,75.45951479487121,44.0,28.0
wq,4.0,cdf,0.2461068332195282,26.690608978271484,2.678839445114136,1.0811479091644287,124.36536814901046,73.0,57.0
scpf,0.0,cdf,0.0231326408684253,-5.773876667022705,0.2474509477615356,0.2293698489665985,452.50394841399975,283.0,267.0
scpf,42.0,cdf,0.0187428928911685,-5.593232154846191,0.247783750295639,0.1429589241743087,503.9755783069413,309.0,293.0
scpf,866.0,cdf,0.0350597687065601,1.5231454372406006,0.6476896405220032,1.1236271858215332,338.76136525790207,204.0,188.0
scpf,12.0,cdf,0.022452475503087,-2.8296420574188232,0.8779053688049316,4.506515979766846,560.43785562017,331.0,315.0
scpf,4.0,cdf,0.0254704225808382,-3.336575508117676,0.5769031047821045,1.2599751949310305,587.2526012391318,347.0,331.0
meps_21,0.0,cdf,0.0213681137538515,-1.7720053493976593,0.4273172114044428,0.7785697914659977,1277.870914185885,145.0,129.0
meps_21,42.0,cdf,0.0224299936671741,-1.5271485671401024,0.434816749766469,0.7565024606883526,644.8120025971439,73.0,57.0
meps_21,866.0,cdf,0.0264500920311547,-1.7576992809772491,0.4246464632451534,0.8197140451520681,876.3359484949615,98.0,82.0
meps_21,12.0,cdf,0.0184690018650144,-1.6162869110703468,0.4569540917873382,0.8034292608499527,814.5186586889904,92.0,76.0
meps_21,4.0,cdf,0.024356602167245,-1.6052972674369812,0.4505930934101343,0.905129024758935,973.3438630059828,110.0,94.0
meps_19,0.0,cdf,0.0205087538924999,-1.650974117219448,0.406579278409481,0.7703995127230883,1055.9067443518434,116.0,100.0
meps_19,42.0,cdf,0.0262096674414351,-1.6727176755666733,0.4269897174090147,0.7326142191886902,1031.7641299790705,114.0,98.0
meps_19,866.0,cdf,0.0282197903143242,-1.7744514346122742,0.4165733717381954,0.7159744706004858,851.0889259728137,93.0,77.0
meps_19,12.0,cdf,0.0220525512704625,-1.7237926721572876,0.3939539566636085,0.5986623242497444,992.536235445179,108.0,92.0
meps_19,4.0,cdf,0.0225527589209377,-1.7600068747997284,0.4297543093562126,0.7948081865906715,944.799571339041,104.0,88.0
meps_20,0.0,cdf,0.024836992793199,-1.5133056508170233,0.4508430312077204,1.0179041690296595,1245.9895621722098,125.0,109.0
meps_20,42.0,cdf,0.0232036770321428,-1.758161935541365,0.3930737359656228,0.6724260995785395,1058.0644649711903,106.0,90.0
meps_20,866.0,cdf,0.0200459621846675,-1.627596120039622,0.4200678865114848,0.762102958228853,1065.4182205300312,106.0,90.0
meps_20,12.0,cdf,0.0212437854562368,-1.472296416759491,0.4333299944798152,0.6760282069444656,896.9404076919891,90.0,74.0
meps_20,4.0,cdf,0.0254227861555086,-1.5344519284036424,0.4476273506879806,0.944143565164672,995.2303138920106,100.0,84.0
house,0.0,cdf,0.0186337470684362,1.2461127664731897,0.6129972779232523,0.5842996667260709,977.627209455939,81.0,65.0
house,42.0,cdf,0.0228878395510432,1.01502075402633,0.5580798257952151,0.49650748397993,3531.063139440026,297.0,281.0
house,866.0,cdf,0.0207946345048106,0.6958670991918315,0.5524337110312089,0.5307180518689363,4702.699265453033,391.0,375.0
house,12.0,cdf,0.0242469921384168,0.6259295875611512,0.5298273628172667,0.4705420862073484,7985.801849666052,418.0,402.0
house,4.0,cdf,0.0210683290725169,0.7920146791831307,0.5530469132506329,0.519233296746793,8280.746968390886,431.0,415.0
bio,0.0,cdf,0.0240286954258586,-0.7720613970476038,0.23527578951097,0.2914917043172845,22295.373493040912,553.0,537.0
