data_name,seed,prerank,pce,nll,energy,mse
households,0,marginal,0.0287411591658989,3.295858860015869,0.9510554075241088,0.6633817354838053
households,42,marginal,0.0317492481941978,3.270182728767395,0.882693370183309,0.5545229365428289
households,866,marginal,0.0296705563863118,3.396922548611959,0.965792069832484,0.6529639959335327
households,12,marginal,0.0299819195643067,3.4238725105921426,0.9608829120794932,0.6676719784736633
households,4,marginal,0.0274373767897486,3.2555200656255088,0.9354101518789928,0.6235581934452057
households,0,mean,0.0256907371804118,3.4451335668563843,0.9537708858648936,0.6624556879202524
households,42,mean,0.0308400737121701,3.3009208838144937,0.9081163704395294,0.5482776562372843
households,866,mean,0.0209889522132774,3.4543917576471963,0.9600857396920522,0.6350820163885752
households,12,mean,0.0210281551505128,3.447738647460937,0.9675661822160084,0.6726035078366598
households,4,mean,0.0209439530347784,3.3275386095047,0.9327199359734852,0.6217396259307861
households,0,variance,0.0281784515051792,3.445220430692037,0.9743603070576986,0.6946717003981272
households,42,variance,0.0238953488878905,3.235839605331421,0.8964162170886993,0.5680737545092901
households,866,variance,0.0172682629587749,3.3585681120554605,0.93391615152359,0.6238248149553934
households,12,variance,0.0146337509310493,3.3358224630355835,0.94720924894015,0.6630594333012899
households,4,variance,0.021524054929614,3.304046352704366,0.9319947262605032,0.6223408430814743
households,0,dependency,0.0169481271877884,3.4078920682271323,0.9466940462589264,0.6600016156832377
households,42,dependency,0.0171011636654535,3.096979777018229,0.8690340320269266,0.5378100574016571
households,866,dependency,0.0168952212358514,3.2132678429285684,0.927803635597229,0.6292681396007538
households,12,dependency,0.029699972209831,3.222469647725424,0.9429161051909128,0.654010683298111
households,4,dependency,0.0225568536358575,3.2031749486923218,0.9207299947738647,0.6172052721182505
households,0,pca,0.0255760125194986,3.223840117454529,0.9368468423684438,0.6405173639456431
households,42,pca,0.0279226855685313,3.1411645809809365,0.8771656552950541,0.5333479990561804
households,866,pca,0.0276947924867272,3.3551912705103555,0.9479723274707794,0.6290341317653656
households,12,pca,0.0246309501429398,3.508843024571737,0.9704428215821584,0.6709354917208353
households,4,pca,0.0239465140427152,3.4244625568389893,0.953530659278234,0.6358114381631216
households,0,density,0.0415911708648006,3.314844846725464,0.9542807837327322,0.6712210873762766
households,42,density,0.0363841891909639,3.19135590394338,0.8696921269098917,0.530791312456131
households,866,density,0.0366153493523597,3.36682653427124,0.9591096043586732,0.6591007014115652
households,12,density,0.0481674553205569,3.3899245262146,0.9517139593760172,0.6572391390800476
households,4,density,0.0306414986650149,3.200951099395752,0.9284541308879852,0.62557985385259
households,0,cdf,0.032460266413788,3.3187526067097983,0.9717718462149302,0.6950413584709167
households,42,cdf,0.0324776032939553,3.177879929542541,0.8830632865428925,0.5461632758378983
households,866,cdf,0.0308959869047005,3.443988005320231,0.9657334983348846,0.670849492152532
households,12,cdf,0.0296166008338332,3.3901069164276123,0.985438605149587,0.7228181262811025
households,4,cdf,0.0277482982104023,3.4414092302322388,0.9561570286750792,0.6590719322363535
air,0,marginal,0.0444108754396438,6.060109615325928,1.4660928606987,1.0470192968845369
air,42,marginal,0.0394943628460168,5.825693559646607,1.4572613954544067,1.0121600389480592
air,866,marginal,0.0407489251345396,5.523340272903442,1.371617066860199,0.8683728039264679
air,12,marginal,0.0359627041965723,5.749669313430786,1.388306188583374,0.9102285802364348
air,4,marginal,0.0388407908380031,5.833660125732422,1.422266387939453,0.9159795463085174
air,0,mean,0.0316738503053784,6.117309093475342,1.4528107047080994,1.0393217861652375
air,42,mean,0.0284485505893826,5.825812721252442,1.4551631093025208,1.0108469903469086
air,866,mean,0.02092409087345,5.60996379852295,1.3833530068397522,0.8687683284282685
air,12,mean,0.0290177215822041,5.744008302688599,1.4103473782539369,0.9133658885955812
air,4,mean,0.0215732987970113,5.7631830215454105,1.4339609026908875,0.9159559667110444
air,0,variance,0.0294615225866436,6.017739295959473,1.4785812854766849,1.0680700421333311
air,42,variance,0.0279530553147196,5.807633018493652,1.4518594861030578,1.0113869726657867
air,866,variance,0.0259623075835406,5.47278470993042,1.3591821551322938,0.8717190086841583
air,12,variance,0.0259582934901118,5.673849105834961,1.3816216945648194,0.8970338076353073
air,4,variance,0.0244425329379737,5.7800148010253904,1.4185630679130554,0.9324591636657716
air,0,dependency,0.0313271421939134,5.883748722076416,1.4405514359474183,1.0340099692344666
air,42,dependency,0.02314207945019,5.765197467803955,1.4505722761154174,1.016034197807312
air,866,dependency,0.023636776022613,5.4083171606063845,1.3564027667045593,0.8680112153291702
air,12,dependency,0.0258241012692451,5.73080587387085,1.3725831747055053,0.9010095417499542
air,4,dependency,0.0308146828785538,5.774845552444458,1.4088316679000854,0.923729246854782
air,0,pca,0.0432635109871625,5.9981067180633545,1.4473588466644287,1.0340040385723115
air,42,pca,0.0441581822931766,5.969164609909058,1.465567684173584,1.0108265578746796
air,866,pca,0.0369813997298479,5.583375120162964,1.3547422289848328,0.8505664348602295
air,12,pca,0.0344082197174429,5.656408071517944,1.4004929542541504,0.9082539677619934
air,4,pca,0.0373802199959754,5.7295787811279295,1.4161283254623414,0.9202435910701752
air,0,density,0.0566203633323311,5.890759468078613,1.4371276140213012,1.0283296406269071
air,42,density,0.0570887267589569,5.7242237567901615,1.4374619245529174,0.9935477674007416
air,866,density,0.0379099851474165,5.443717646598816,1.3687551021575928,0.8744917333126068
air,12,density,0.0295677237212657,5.59910569190979,1.3890115380287171,0.9141372084617616
air,4,density,0.0429051961749792,5.675915813446045,1.3926913857460022,0.9026636004447935
air,0,cdf,0.0250144747085869,6.103693675994873,1.477344286441803,1.086147600412369
air,42,cdf,0.0268392011523246,5.811223316192627,1.4692103743553162,1.06325107216835
air,866,cdf,0.0295583013445138,5.503724384307861,1.374104082584381,0.8965969741344452
air,12,cdf,0.0304449841380119,5.789991140365601,1.4132392168045045,0.9587539792060852
air,4,cdf,0.0331655267626047,5.785600280761718,1.442101037502289,0.963404756784439
births2,0,marginal,0.0336996391415596,-4.1177338600158695,0.9726502478122712,0.9754252672195436
births2,42,marginal,0.0317888548597693,-4.275095868110657,1.059298300743103,1.8053279757499692
births2,866,marginal,0.0291703786700964,-4.878793406486511,0.9836087107658388,1.4055761218070983
births2,12,marginal,0.0331832526251673,-3.930584645271301,0.921109676361084,0.9424633055925368
births2,4,marginal,0.0252385802567005,-4.208485436439514,0.8826093256473542,0.8197305917739868
births2,0,mean,0.0265442827716469,-0.6216086864471435,0.962349146604538,0.9335858941078186
births2,42,mean,0.0329257328063249,-3.984611546993256,1.0151501893997192,1.714542704820633
births2,866,mean,0.030905598308891,-4.79202675819397,0.9630304634571076,1.3118537068367004
births2,12,mean,0.0314540247432887,-4.516683959960938,0.8935904383659363,0.897119191288948
births2,4,mean,0.0219308100640773,-4.706252336502075,0.864706528186798,0.7798650026321411
births2,0,variance,0.0472332239151001,-4.870638680458069,0.909651494026184,0.8745281338691712
births2,42,variance,0.0490820966660976,-4.817813730239868,0.9918748080730438,1.658523678779602
births2,866,variance,0.0441092848777771,-4.1520685881376265,0.9276223719120026,1.2839709520339966
births2,12,variance,0.038266803137958,-4.505704259872436,0.860658323764801,0.832385602593422
births2,4,variance,0.0453175392001867,-5.189131402969361,0.8339026749134064,0.7179291069507598
births2,0,dependency,0.0311744349077343,-3.617344951629639,0.914889657497406,0.8671842277050018
births2,42,dependency,0.0325251882895827,-4.456769394874573,1.0047017335891724,1.6550259232521056
births2,866,dependency,0.0334264891222119,-4.2380308389663695,0.9445549249649048,1.285443753004074
births2,12,dependency,0.0334440153092145,-4.516976070404053,0.9017663896083832,0.8876818656921387
births2,4,dependency,0.0283563008531928,-4.80700318813324,0.8557929575443268,0.7379628956317902
births2,0,pca,0.0693167258054018,-3.614379358291626,0.929144424200058,0.8873956143856049
births2,42,pca,0.0622399840503931,-4.111945509910584,1.0216971576213836,1.7073054283857343
births2,866,pca,0.0356399536132812,-4.61453948020935,0.9569311618804932,1.321767842769623
births2,12,pca,0.0398188302293419,-4.482931065559387,0.8678643763065338,0.8695486724376679
births2,4,pca,0.0522179681807756,-2.747044950723648,0.872802984714508,0.8067281663417816
births2,0,density,0.4201138257980347,-4.374327492713928,0.9338193953037262,0.8735192060470581
births2,42,density,0.426202192902565,-4.219478666782379,1.012249553203583,1.6523616909980774
births2,866,density,0.4278334707021713,-2.6376627683639526,0.929205697774887,1.2304509162902832
births2,12,density,0.4316467583179474,-4.676523733139038,0.8777703046798706,0.8308645516633988
births2,4,density,0.4323307991027832,-4.586128783226013,0.858551824092865,0.747107771039009
births2,0,cdf,0.0361083310097456,-3.587460827827454,0.967708432674408,0.9654969394207
births2,42,cdf,0.0340935964137315,-3.711115898936987,1.0294879257678986,1.726586213707924
births2,866,cdf,0.0355513827875256,-4.35447461605072,0.986325305700302,1.36955783367157
births2,12,cdf,0.0301151536405086,-4.833339667320251,0.9074190616607666,0.9215821027755736
births2,4,cdf,0.0276720495894551,-5.273553133010864,0.9100077152252196,0.8515288591384887
scm20d,0,marginal,0.028905760962516,7.341330707073212,2.2687906622886658,0.7499130889773369
scm20d,42,marginal,0.0304969304706901,7.932228446006775,2.177877187728882,0.6965719982981682
scm20d,866,marginal,0.0344457246828824,7.740599691867828,2.2818175852298737,0.7631627842783928
scm20d,12,marginal,0.0315488439518958,7.412748396396637,2.2920837104320526,0.7703513875603676
scm20d,4,marginal,0.0395681313239038,8.07051956653595,2.212641268968582,0.7053968980908394
scm20d,0,mean,0.0250290506519377,8.056277334690094,2.3104001581668854,0.7791610807180405
scm20d,42,mean,0.0207328656688332,8.109178125858307,2.255685269832611,0.7221876010298729
scm20d,866,mean,0.0260714231990277,7.693970203399658,2.3539875745773315,0.8085775598883629
scm20d,12,mean,0.0244068298488855,7.799898743629456,2.2530994415283203,0.7230820506811142
scm20d,4,mean,0.0287769951391965,7.786383092403412,2.300838738679886,0.7631250619888306
scm20d,0,variance,0.0284329617861658,7.667091250419617,2.3563623130321503,0.8306832388043404
scm20d,42,variance,0.0414243163540959,8.087058246135712,2.373066842556,0.8231054693460464
scm20d,866,variance,0.0428338872734457,7.665207087993622,2.437555581331253,0.8777496069669724
scm20d,12,variance,0.0422752751037478,7.284671902656555,2.3627734780311584,0.8201048523187637
scm20d,4,variance,0.0360951460897922,7.8738725781440735,2.366178423166275,0.8206716999411583
scm20d,0,dependency,0.0266881538555026,7.375600039958954,2.3326252102851868,0.8265899643301964
scm20d,42,dependency,0.0255304016172885,7.595256507396698,2.300922840833664,0.7911283150315285
scm20d,866,dependency,0.0214606338413432,7.83073616027832,2.413992315530777,0.8721439391374588
scm20d,12,dependency,0.0160075515741482,7.614060342311859,2.347836285829544,0.8168530911207199
scm20d,4,dependency,0.0212360416771844,7.935495615005493,2.395072251558304,0.860007107257843
scm20d,0,pca,0.0305163320153951,7.546401858329773,2.200099855661392,0.7138166725635529
scm20d,42,pca,0.034753814805299,7.372310638427734,2.2955897450447083,0.7952204048633575
scm20d,866,pca,0.0313529861159622,7.59494948387146,2.3670728504657745,0.839746005833149
scm20d,12,pca,0.0320820659399032,7.382120668888092,2.274555593729019,0.775517039000988
scm20d,4,pca,0.035736649762839,7.881429612636566,2.3476109504699707,0.8237929195165634
scm20d,0,density,0.086698000319302,7.824984669685364,2.412356376647949,0.8787059038877487
scm20d,42,density,0.0983532583341002,7.71037745475769,2.3697264790534973,0.8363949209451675
scm20d,866,density,0.0852393899112939,7.761321783065796,2.389926373958588,0.856574609875679
scm20d,12,density,0.0983001058921217,8.154901206493378,2.3740351796150208,0.8380792587995529
scm20d,4,density,0.0947427237406373,8.000393271446228,2.3755482137203217,0.8448273092508316
scm20d,0,cdf,0.0250093545764684,7.697866857051849,2.402517259120941,0.8621811494231224
scm20d,42,cdf,0.0294621165376156,7.608065128326416,2.34236791729927,0.813209667801857
scm20d,866,cdf,0.0298605852294713,7.782090127468109,2.397862046957016,0.8672791346907616
scm20d,12,cdf,0.0278660131152719,7.528585076332092,2.246030479669571,0.7386609017848969
scm20d,4,cdf,0.0324883272405713,7.839511096477507,2.361459285020828,0.8274885341525078
rf2,0,marginal,0.0446553495712578,25.36847484111786,1.235387071967125,0.5308601558208466
rf2,42,marginal,0.032559146406129,106.641188159585,1.11556276679039,2.494328398257494
rf2,866,marginal,0.1243645288050174,9.73904800415039,1.8423772007226944,1.0055886432528496
rf2,12,marginal,0.0896370466798543,684.4380405545235,1.5574348866939545,0.7822741493582726
rf2,4,marginal,0.1475131902843713,178.2714432477951,1.6559469401836395,0.7900887951254845
rf2,0,mean,0.1715020183473825,9.326709747314451,1.775742918252945,0.92829068005085
rf2,42,mean,0.1240073097869753,131.15622758865356,1.6541630029678345,2.84039693325758
rf2,866,mean,0.16372986510396,99.35366404056548,1.7738701403141022,0.9411951825022696
rf2,12,mean,0.126650370657444,21.754774808883667,1.5639604181051254,0.7733403965830803
rf2,4,mean,0.1846455037593841,10.46690309047699,1.67778480052948,0.8181731998920441
rf2,0,variance,0.0211767444852739,5.211840808391571,0.958562821149826,0.3925482705235481
rf2,42,variance,0.0222792839631438,39.06644521281123,1.14585442841053,2.474246777594089
rf2,866,variance,0.1135675692930817,9.34815001487732,1.7849589586257937,0.9667780920863152
rf2,12,variance,0.0400962301064282,27.32566672563553,1.4770809262990952,0.7081351578235626
rf2,4,variance,0.0258194737834855,-2.155503422021866,0.9568537548184396,0.3326647952198982
rf2,0,dependency,0.0217289543943479,17.65724402666092,1.3474688082933426,0.5985843539237976
rf2,42,dependency,0.0251915630651637,497.368633762002,1.1279274970293045,2.50144262611866
rf2,866,dependency,0.0263746911659836,222.7474310696125,1.4443021565675735,0.6960004344582558
rf2,12,dependency,0.1292352238669991,65.634441614151,1.8317235708236688,0.9680492952466012
rf2,4,dependency,0.0310210685711354,33.962505757808685,1.4428573697805405,0.6540564596652985
rf2,0,pca,0.0805107308551669,8.712064146995544,1.7133477479219437,0.8758101016283035
rf2,42,pca,0.0735787637531757,114.11023902893066,1.5483064949512482,2.75262213498354
rf2,866,pca,0.0773208057507872,44.79064112901688,1.7176619470119476,0.8931114971637726
rf2,12,pca,0.0770213026553392,147.89560267329216,1.443882703781128,0.6823067516088486
rf2,4,pca,0.0650128102861344,155.99086996912956,1.1599684804677963,0.4734413251280784
rf2,0,density,0.0305428437422961,36.92073154449463,1.5793009251356125,0.7882213220000267
rf2,42,density,0.0231331383110955,318.48652106523514,1.737793281674385,2.9301218390464783
rf2,866,density,0.0571951032616198,13.210838258266447,1.7262720465660095,0.9104436114430428
rf2,12,density,0.0202032995875924,95.0457261800766,1.6075394600629809,0.8223177865147591
rf2,4,density,0.1977600678801536,8.279049396514893,1.595297396183014,0.7592790722846985
rf2,0,cdf,0.0783640714362263,4.780178606510162,1.1735085248947144,0.5080210566520691
rf2,42,cdf,0.1162495370954275,2185.9232867360115,1.786400705575943,2.96009224653244
rf2,866,cdf,0.0754398279823362,1799.5364261865616,1.417065545916557,0.6513155996799469
rf2,12,cdf,0.1555585339665413,17.424731492996216,1.7645190805196762,0.915033921599388
rf2,4,cdf,0.1651779394596815,10.599950194358826,1.6572365015745163,0.7939570248126984
births1,0,marginal,0.02889251373708248,2.189517450332642,0.7186641991138458,0.8463960528373718
births1,42,marginal,0.026292172819375993,1.899423360824585,0.7234189331531524,0.878528094291687
births1,866,marginal,0.02634925367310643,1.2985047340393066,0.7469676733016968,0.8645413219928741
births1,12,marginal,0.031167242024093867,2.167763876914978,0.7129616022109986,0.826142030954361
births1,4,marginal,0.028933091182261707,1.546932625770569,0.7202737092971802,0.8489940583705902
births1,0,mean,0.030896808393299578,1.298048985004425,0.7186099588871002,0.8649447500705719
births1,42,mean,0.023955983109772205,1.5654003739356994,0.7471840918064118,0.9095076739788055
births1,866,mean,0.027802562899887563,1.4916489839553833,0.7549038231372833,0.9013588637113571
births1,12,mean,0.02844776613637805,1.0906313478946685,0.7186656296253204,0.8244991660118103
births1,4,mean,0.021616756543517114,1.4190913915634156,0.7286693572998046,0.8656665563583374
births1,0,variance,0.027026632986962795,2.142219805717468,0.7041965544223785,0.8375105261802673
births1,42,variance,0.03931170841678977,1.619059407711029,0.7242249488830567,0.8870063185691833
births1,866,variance,0.02941535282880068,2.2505443334579467,0.718327420949936,0.8485370725393295
births1,12,variance,0.031193557567894457,1.2587056159973145,0.7094526290893555,0.8235544323921203
births1,4,variance,0.030365725979208946,1.422654104232788,0.7341709017753602,0.8940143823623657
births1,0,dependency,0.022372743766754865,2.1016533613204955,0.6913896024227142,0.8200335264205932
births1,42,dependency,0.03316474137827754,1.5274413466453551,0.7179308652877807,0.8725700199604034
births1,866,dependency,0.029570722300559283,1.4518193364143372,0.716982489824295,0.8532546997070313
births1,12,dependency,0.02361608184874058,1.5003947138786315,0.7141913950443268,0.835897421836853
births1,4,dependency,0.02670610500499606,1.5676186084747314,0.7300634443759918,0.8788051903247833
births1,0,pca,0.034248856641352174,1.2534737706184387,0.7235500752925873,0.8606927335262299
births1,42,pca,0.032945575192570686,1.3377199053764344,0.7364018857479095,0.8994331359863281
births1,866,pca,0.03381992410868406,1.5733065366744996,0.7373880028724671,0.866149264574051
births1,12,pca,0.035440593957901,1.0893351435661316,0.7158192694187164,0.8310559213161468
births1,4,pca,0.03494979664683342,1.561400842666626,0.7364015877246857,0.8869317591190338
births1,0,density,0.024961067270487546,2.101685404777527,0.7045126795768738,0.8329006195068359
births1,42,density,0.04559799917042255,1.9821386337280273,0.7146674335002899,0.8522809267044067
births1,866,density,0.03125638598576188,2.22656672000885,0.7197995543479919,0.8418880075216293
births1,12,density,0.03144938815385103,2.1175631999969484,0.7041542649269104,0.8199002623558045
births1,4,density,0.03685519779101014,2.1758084535598754,0.7164050161838531,0.8547175526618958
births1,0,cdf,0.0269174387678504,1.479478132724762,0.7138646006584167,0.8386303305625915
births1,42,cdf,0.02901779692620039,1.5883220314979554,0.7276523768901825,0.8886975288391114
births1,866,cdf,0.029842838644981384,1.366431999206543,0.7362091422080994,0.8660510599613189
births1,12,cdf,0.024201981164515017,1.1188655525445939,0.7318429589271546,0.8404410719871521
births1,4,cdf,0.023190570715814828,1.4066582918167114,0.7368678569793701,0.8663738489151
wage,0,marginal,0.032084657438099386,2.247976064682007,0.7013869047164917,0.6609036028385162
wage,42,marginal,0.13054093047976495,2.8714179039001464,0.9032745838165284,1.016109699010849
wage,866,marginal,0.033557395078241826,0.5197638252750039,0.7598893463611602,0.789117980003357
wage,12,marginal,0.028520600590854883,0.8899133175611496,0.7226735711097717,0.7176562309265136
wage,4,marginal,0.032127770222723485,1.643191385269165,0.7215959906578064,0.7457110941410064
wage,0,mean,0.035106375254690646,0.732881736755371,0.7335246801376343,0.7286608517169952
wage,42,mean,0.09749386608600616,2.896479058265686,0.9110283553600311,1.0233781397342683
wage,866,mean,0.028132165595889092,0.7220949172973633,0.729850047826767,0.7222174644470215
wage,12,mean,0.03021660344675183,0.6457080692052841,0.7043456196784973,0.6940106868743896
wage,4,mean,0.029440640285611153,1.0096243619918823,0.7508755266666413,0.7682196140289307
wage,0,variance,0.028658983204513787,0.7264507710933685,0.7007942616939544,0.7075765430927277
wage,42,variance,0.02827074406668544,0.9459643661975861,0.7121115684509277,0.7189547300338746
wage,866,variance,0.023126627039164304,1.215374881029129,0.7061242759227753,0.7066543638706207
wage,12,variance,0.022700131684541703,0.461907073110342,0.7008460819721222,0.6901162207126618
wage,4,variance,0.0226479752920568,0.48515363931655886,0.7485226273536683,0.7994726121425628
wage,0,dependency,0.029306308552622794,0.8586960554122924,0.7309983432292938,0.7673800885677338
wage,42,dependency,0.025798240397125482,0.9392022252082824,0.7274255752563477,0.7480657696723938
wage,866,dependency,0.02279276605695486,0.6632039815187454,0.7179661333560944,0.7427185475826263
wage,12,dependency,0.023026758898049594,0.9599728226661682,0.7523371994495391,0.7913351237773896
wage,4,dependency,0.01915311524644494,0.6425327032804489,0.761346572637558,0.81422860622406
wage,0,pca,0.06567002236843109,0.5116737842559814,0.7260744512081146,0.7483999192714691
wage,42,pca,0.03700689803808928,2.3507656335830687,0.7227654814720154,0.6906087160110473
wage,866,pca,0.07132187187671661,0.8304480999708176,0.6948706269264221,0.7010847866535187
wage,12,pca,0.055195697024464606,0.5974421823397279,0.7274051249027252,0.7335227727890015
wage,4,pca,0.031870063953101636,0.7715816736221314,0.7220005095005035,0.7585695207118988
wage,0,density,0.3415065407752991,0.7483285874128341,0.6958929300308228,0.6946596443653107
wage,42,density,0.33414333164691923,0.7353927880525589,0.6967118620872498,0.6998193502426148
wage,866,density,0.37007503807544706,0.5614545613527298,0.70223548412323,0.7089608907699585
wage,12,density,0.37457275986671446,0.4724999262019992,0.7034849047660827,0.7026098370552063
wage,4,density,0.4015324592590332,0.5453075468540192,0.7204887866973877,0.7477924466133118
wage,0,cdf,0.10413542464375496,2.9341917514801024,0.9360383331775666,1.0782685935497285
wage,42,cdf,0.11599717512726784,2.931541109085083,0.9292471230030059,1.0473045647144317
wage,866,cdf,0.10512005686759948,2.808305859565735,0.8921133875846863,0.9810682535171509
wage,12,cdf,0.11733662337064743,2.8111204385757445,0.891237062215805,0.9719880282878876
wage,4,cdf,0.03472219444811344,1.2810805916786194,0.7426910042762757,0.7744771242141724
scm1d,0,marginal,0.027081638160679076,6.145015822516547,1.9382724364598591,0.5575176080067953
scm1d,42,marginal,0.02552838230298625,5.866578525967068,1.808046579360962,0.4984151952796512
scm1d,866,marginal,0.022866375123461086,7.897590637207031,1.8927743302451239,0.5241312053468492
scm1d,12,marginal,0.022882939005891483,6.236250347561306,1.8077185418870714,0.4829290310541789
scm1d,4,marginal,0.02620782372024324,8.965595563252768,1.9819300307167902,0.5663625531726413
scm1d,0,mean,0.028189540633724794,6.876700931125217,2.0200837320751615,0.5811898774570889
scm1d,42,mean,0.02517460183136993,5.820708592732747,1.789765543407864,0.4670809573597378
scm1d,866,mean,0.017340694036748674,7.16160445743137,1.9315828614764743,0.5391698214742873
scm1d,12,mean,0.02256651170965698,6.507984638214111,1.9380029572380915,0.5752820637491014
scm1d,4,mean,0.026493828950656786,6.549851258595784,1.9463929070366754,0.5560327834553189
scm1d,0,variance,0.03601242519087262,5.805249638027615,1.9692475928200617,0.5794863767094083
scm1d,42,variance,0.034838158223364085,6.027255588107639,2.0363157192866006,0.6256776120927598
scm1d,866,variance,0.03136863393916024,6.611511760287815,2.1780341466267905,0.7300897240638733
scm1d,12,variance,0.030597388744354248,6.359298547108968,1.9727784527672663,0.5950819585058424
scm1d,4,variance,0.04961756161517567,9.043435043758816,2.143249167336358,0.7010368241204156
scm1d,0,dependency,0.02838145061913464,8.245525889926487,2.127986854977078,0.6800623602337308
scm1d,42,dependency,0.02158516138378117,6.971659554375543,1.9531373182932537,0.5772266387939453
scm1d,866,dependency,0.01838058533353938,6.857296413845486,2.153851694530911,0.718469520409902
scm1d,12,dependency,0.016331717061499756,6.393760522206624,2.0400860442055597,0.6320904493331909
scm1d,4,dependency,0.017711128211683698,7.388576878441705,2.2516357368893094,0.7813460893101163
scm1d,0,pca,0.0371363109184636,19.045070966084797,1.9450428088506062,0.539186418056488
scm1d,42,pca,0.03533114741245905,5.887982580396864,1.8503692547480266,0.5272700753476884
scm1d,866,pca,0.03646038410564264,14.137632105085585,2.005619486172994,0.5760796732372708
scm1d,12,pca,0.030376489998565778,8.6333712471856,1.9993343618181016,0.6117986440658569
scm1d,4,pca,0.037018330560790166,9.069255828857422,1.998246259159512,0.5699962377548218
scm1d,0,density,0.07856726811991797,9.357028325398764,1.8547512292861938,0.526550872458352
scm1d,42,density,0.0670830723312166,8.171343591478136,1.9588682386610243,0.5924709505505033
scm1d,866,density,0.07104755606916216,6.476295630137126,1.9037954542371962,0.5568332605891757
scm1d,12,density,0.08592792765961753,6.307941966586643,2.0019045538372464,0.614830301867591
scm1d,4,density,0.14941540443234974,9.881793234083387,2.246253596411811,0.7506506244341532
scm1d,0,cdf,0.031550483571158514,8.438720173305935,2.012702332602607,0.5873671240276761
scm1d,42,cdf,0.033311212021443576,20.355642742580837,2.032111485799154,0.6088313062985738
scm1d,866,cdf,0.023791434450281992,6.330976168314616,2.038498560587565,0.6387486656506857
scm1d,12,cdf,0.0278099293096198,6.377916865878635,2.053254153993395,0.6454847388797336
scm1d,4,cdf,0.061208641363514796,10.214530309041342,2.2232674757639566,0.7133431567086114
wq,0,marginal,0.14488515257835388,20.170513153076172,2.5469303131103516,0.9957330822944641
wq,42,marginal,0.17496998608112335,20.703847885131836,2.5037951469421387,0.9537687301635742
wq,866,marginal,0.13663069903850555,22.242530822753906,2.7289927005767822,1.1477656364440918
wq,12,marginal,0.16793839633464813,33.68296813964844,2.5429022312164307,0.978657603263855
wq,4,marginal,0.14612847566604614,34.854251861572266,2.6639955043792725,1.0768953561782837
wq,0,mean,0.07220458984375,20.482135772705078,2.537843942642212,0.9955475330352783
wq,42,mean,0.05154373496770859,19.85580825805664,2.4757184982299805,0.9399784207344055
wq,866,mean,0.08517485111951828,22.431119918823242,2.722295045852661,1.1357048749923706
wq,12,mean,0.11045311391353607,28.098268508911133,2.5682151317596436,0.9849715232849121
wq,4,mean,0.05911615863442421,34.5117301940918,2.6582388877868652,1.073722004890442
wq,0,variance,0.24699541926383972,20.438711166381836,2.555129289627075,0.9958614110946655
wq,42,variance,0.33661186695098877,20.790616989135742,2.4974563121795654,0.9486129283905029
wq,866,variance,0.3340708911418915,22.451412200927734,2.7273266315460205,1.1433019638061523
wq,12,variance,0.33963072299957275,34.455406188964844,2.5605430603027344,0.9823190569877625
wq,4,variance,0.2953658998012543,39.42033767700195,2.6650607585906982,1.093084692955017
wq,0,dependency,0.029330093413591385,19.731237411499023,2.5387279987335205,0.9921845197677612
wq,42,dependency,0.02325471304357052,19.773174285888672,2.4844231605529785,0.9438801407814026
wq,866,dependency,0.025491708889603615,22.463289260864258,2.728623390197754,1.1359868049621582
wq,12,dependency,0.0367271825671196,98.10694122314453,2.5750198364257812,0.9868123531341553
wq,4,dependency,0.022739658132195473,25.15052032470703,2.669402837753296,1.08669912815094
wq,0,pca,0.07851013541221619,19.6141300201416,2.533816337585449,0.9854751825332642
wq,42,pca,0.09928394854068756,21.542020797729492,2.5121138095855713,0.9590861797332764
wq,866,pca,0.08775028586387634,23.939374923706055,2.7007157802581787,1.1243329048156738
wq,12,pca,0.08900617063045502,21.731531143188477,2.556114912033081,0.9832508563995361
wq,4,pca,0.09831859916448593,22.862157821655273,2.6926660537719727,1.086377501487732
wq,0,density,0.2954716980457306,21.22663688659668,2.5338215827941895,0.9912426471710205
wq,42,density,0.35900941491127014,19.688316345214844,2.4935550689697266,0.9475095868110657
wq,866,density,0.3601415157318115,22.723527908325195,2.715243101119995,1.1374521255493164
wq,12,density,0.4299056828022003,48.385231018066406,2.5553057193756104,0.982975423336029
wq,4,density,0.43339622020721436,38.484134674072266,2.6780292987823486,1.0850543975830078
wq,0,cdf,0.24120116233825684,20.069387435913086,2.5452942848205566,0.9952614307403564
wq,42,cdf,0.24657851457595825,20.898326873779297,2.516371965408325,0.9503946900367737
wq,866,cdf,0.24200305342674255,21.837093353271484,2.707509994506836,1.1327123641967773
wq,12,cdf,0.24521060287952423,71.4752426147461,2.5653038024902344,0.9826745390892029
wq,4,cdf,0.24407851696014404,103.01993560791016,2.644507646560669,1.0712683200836182
scpf,0,marginal,0.04061885178089142,-4.833480358123779,0.2330331802368164,0.1966084986925125
scpf,42,marginal,0.03167586028575897,-4.753117084503174,0.24492652714252472,0.14672644436359406
scpf,866,marginal,0.042590390890836716,-4.0023698806762695,0.5224267840385437,1.041577696800232
scpf,12,marginal,0.045479100197553635,0.26495760679244995,0.9272679090499878,4.620752811431885
scpf,4,marginal,0.03577154129743576,-4.292782306671143,0.5389385223388672,1.1676369905471802
scpf,0,mean,0.021478986367583275,-6.079386234283447,0.22771213948726654,0.21135510504245758
scpf,42,mean,0.019281024113297462,-4.100310325622559,0.2499110847711563,0.14632929861545563
scpf,866,mean,0.03670107200741768,-2.785203695297241,0.5388035178184509,1.0676021575927734
scpf,12,mean,0.020329058170318604,-2.912827968597412,0.884427011013031,4.447242736816406
scpf,4,mean,0.031233293935656548,-3.9845120906829834,0.5847835540771484,1.286093831062317
scpf,0,variance,0.03436901792883873,-5.4167609214782715,0.23773717880249023,0.20148420333862305
scpf,42,variance,0.03478408604860306,-5.309656620025635,0.2408977895975113,0.14769895374774933
scpf,866,variance,0.05927572771906853,-3.421079158782959,0.5508910417556763,1.0650919675827026
scpf,12,variance,0.0340205579996109,-3.842329978942871,0.8598538041114807,4.2499680519104
scpf,4,variance,0.044362399727106094,-4.411455154418945,0.5443345904350281,1.166333556175232
scpf,0,dependency,0.06441930681467056,-5.663558006286621,0.22608508169651031,0.18362578749656677
scpf,42,dependency,0.09386397153139114,-4.979238986968994,0.2338649332523346,0.1354985535144806
scpf,866,dependency,0.0796780064702034,-2.9419918060302734,0.5250200629234314,1.053901195526123
scpf,12,dependency,0.08533148467540741,-2.7394254207611084,0.851043164730072,4.331789493560791
scpf,4,dependency,0.08242291957139969,-4.354649066925049,0.5625519156455994,1.22383713722229
scpf,0,pca,0.06736241281032562,-4.92274284362793,0.2437547892332077,0.21123406291007996
scpf,42,pca,0.053807955235242844,-5.598088264465332,0.24218493700027466,0.15344153344631195
scpf,866,pca,0.078086256980896,-3.5326919555664062,0.5331963300704956,1.0903375148773193
scpf,12,pca,0.05847499892115593,-3.379638671875,0.870077908039093,4.363543510437012
scpf,4,pca,0.05573683977127075,-4.332112789154053,0.5697811841964722,1.252259373664856
scpf,0,density,0.3180454969406128,-6.0094075202941895,0.2256888747215271,0.20029228925704956
scpf,42,density,0.26750296354293823,-5.921095848083496,0.23907998204231262,0.14228931069374084
scpf,866,density,0.31758105754852295,-5.0847625732421875,0.5243256688117981,1.0568393468856812
scpf,12,density,0.3048841953277588,-2.7114131450653076,0.8788953423500061,4.44059944152832
scpf,4,density,0.2868492305278778,-3.9608778953552246,0.5443611145019531,1.204316258430481
scpf,0,cdf,0.054107896983623505,-5.920279502868652,0.238994300365448,0.22547993063926697
scpf,42,cdf,0.02967977151274681,-6.252211570739746,0.23834015429019928,0.14925040304660797
scpf,866,cdf,0.02669357694685459,-3.572131872177124,0.5527969598770142,1.1040726900100708
scpf,12,cdf,0.027225971221923828,-0.32673758268356323,0.9161354303359985,4.562007427215576
scpf,4,cdf,0.023211149498820305,-2.3637990951538086,0.5884782075881958,1.2788004875183105
meps_21,0,marginal,0.024258661782369018,-2.0080686807632446,0.40191903337836266,0.672067591920495
meps_21,42,marginal,0.025459006777964532,-1.5743793174624443,0.42627232894301414,0.7260333951562643
meps_21,866,marginal,0.02465093752834946,-1.9340888559818268,0.38917618431150913,0.7015353012830019
meps_21,12,marginal,0.02596838492900133,-1.7999173551797867,0.40604189969599247,0.633096830919385
meps_21,4,marginal,0.02929339080583304,-1.6467449739575386,0.4282499682158232,0.7906260602176189
meps_21,0,mean,0.02585116622503847,-1.7194520235061646,0.4042191132903099,0.6769036939367652
meps_21,42,mean,0.020452350669074804,-1.7530116587877274,0.40337378717958927,0.6712265750393271
meps_21,866,mean,0.02628147229552269,-1.865343801677227,0.399923725053668,0.7115796282887459
meps_21,12,mean,0.024055758491158485,-1.8331366255879402,0.39507768489420414,0.5978780742734671
meps_21,4,mean,0.026511370204389095,-1.7813369259238243,0.4051349498331547,0.7353365104645491
meps_21,0,variance,0.03144424548372626,-1.730174645781517,0.4347389116883278,0.7183971032500267
meps_21,42,variance,0.027150378096848726,-1.6707542762160301,0.4229257330298424,0.702709574252367
meps_21,866,variance,0.032554866396822035,-1.6880253702402115,0.41413312032818794,0.7348967082798481
meps_21,12,variance,0.03067292331252247,-1.913199968636036,0.4079681895673275,0.6094863917678595
meps_21,4,variance,0.032262088847346604,-1.720917321741581,0.43730277940630913,0.770059747621417
meps_21,0,dependency,0.022877235314808786,-1.742487095296383,0.45736472122371197,0.7487118374556303
meps_21,42,dependency,0.0213530064211227,-1.723956473171711,0.42095874436199665,0.6951783504337072
meps_21,866,dependency,0.02819681295659393,-1.5952497720718384,0.44050867669284344,0.7625961620360613
meps_21,12,dependency,0.023304617672692984,-1.8724887073040009,0.4160985518246889,0.6272640116512775
meps_21,4,dependency,0.025275018415413797,-1.6437204405665398,0.4488153848797083,0.8095897622406483
meps_21,0,pca,0.025659406906925142,-1.7207244858145714,0.4271693676710129,0.7043508272618055
meps_21,42,pca,0.02171355509199202,-1.6388853043317795,0.39883071929216385,0.6506302515044808
meps_21,866,pca,0.028652329579927027,-1.7402920722961426,0.4183692317456007,0.7394801657646894
meps_21,12,pca,0.022870344342663884,-1.6373676508665085,0.40872738882899284,0.6160774268209934
meps_21,4,pca,0.024242287152446806,-1.6439351812005043,0.4198948200792074,0.7445208206772804
meps_21,0,density,0.03505177469924092,-1.3228834494948387,0.4110905285924673,0.6758221816271544
meps_21,42,density,0.029055655002593994,-1.123172365128994,0.38448564894497395,0.631737856194377
meps_21,866,density,0.03479172557126731,-0.7566961860284209,0.4305544011294842,0.7725041322410107
meps_21,12,density,0.02922186505747959,-1.1513222195208073,0.3971777241677046,0.5962489433586597
meps_21,4,density,0.031391687924042344,-0.9646989516913891,0.44123614206910133,0.803047526627779
meps_21,0,cdf,0.02265432820422575,-1.8298869356513023,0.4361572302877903,0.7505133338272572
meps_21,42,cdf,0.01935598871205002,-1.7398849949240685,0.38007773645222187,0.6566732553765178
meps_21,866,cdf,0.022837746830191463,-1.9463534876704216,0.42440428771078587,0.8013210948556662
meps_21,12,cdf,0.02250752947293222,-1.882463775575161,0.38667688705027103,0.5969404336065054
meps_21,4,cdf,0.026373270142357796,-1.7394286841154099,0.4394624028354883,0.810029761865735
meps_19,0,marginal,0.03218191547784954,-1.7936671301722527,0.404130719602108,0.738811656832695
meps_19,42,marginal,0.02487927849870175,-1.813499078154564,0.4039325024932623,0.6732281856238842
meps_19,866,marginal,0.02484613738488406,-1.740274116396904,0.41274373047053814,0.6982521787285805
meps_19,12,marginal,0.02423282654490322,-1.9768322110176086,0.357698418200016,0.48505013436079025
meps_19,4,marginal,0.023477804381400347,-1.899817742407322,0.38239118084311485,0.6589969228953123
meps_19,0,mean,0.023021563654765487,-1.788125529885292,0.4022494051605463,0.726493988186121
meps_19,42,mean,0.02494121459312737,-1.771417997777462,0.4008870217949152,0.6723591648042202
meps_19,866,mean,0.025118108023889363,-1.7590397745370865,0.4408150427043438,0.7365713752806187
meps_19,12,mean,0.02221886091865599,-1.835312843322754,0.36391840875148773,0.4807639326900244
meps_19,4,mean,0.0214555079001002,-1.9023918211460114,0.3953402694314718,0.6668088510632515
meps_19,0,variance,0.04747667373158038,-1.8258816003799438,0.40452535077929497,0.7137784510850906
meps_19,42,variance,0.04784851614385843,-1.9870824664831161,0.3726818095892668,0.5989777706563473
meps_19,866,variance,0.04659873270429671,-2.014116793870926,0.3744251150637865,0.5982081908732653
meps_19,12,variance,0.050494593335315585,-2.1462587118148804,0.35052163153886795,0.48158388026058674
meps_19,4,variance,0.055305500980466604,-2.132147416472435,0.3778477795422077,0.6269344426691532
meps_19,0,dependency,0.029977947473526,-1.6015080735087395,0.443301172927022,0.7928212881088257
meps_19,42,dependency,0.021710159722715616,-1.8479986637830734,0.41405951231718063,0.6687761005014181
meps_19,866,dependency,0.024771458702161908,-1.812861792743206,0.398866368457675,0.6650649327784777
meps_19,12,dependency,0.019986909232102334,-1.5434967875480652,0.40746384486556053,0.5784386824816465
meps_19,4,dependency,0.027669501374475658,-1.7612362504005432,0.45126749388873577,0.7733765114098787
meps_19,0,pca,0.02260437048971653,-1.6599462777376175,0.42631770111620426,0.7799428403377533
meps_19,42,pca,0.023928107926622033,-1.7003204673528671,0.40036472491919994,0.6434804070740938
meps_19,866,pca,0.027641379740089178,-1.6495351865887642,0.4118667207658291,0.6626341100782156
meps_19,12,pca,0.02119032508926466,-1.8199052959680557,0.3800985850393772,0.5233769584447145
meps_19,4,pca,0.024138330423738807,-1.8861487582325935,0.4048914071172476,0.6715211998671293
meps_19,0,density,0.03100413439096883,-1.1324096396565437,0.41562463343143463,0.7438344210386276
meps_19,42,density,0.025675775890704244,-1.1820473447442055,0.3832617234438658,0.6186874192208052
meps_19,866,density,0.031759874837007374,-1.368628740310669,0.3881039544939995,0.6380470581352711
meps_19,12,density,0.03464957501273602,-1.3364476412534714,0.37459707260131836,0.5265581198036671
meps_19,4,density,0.029630270320922136,-1.1378199085593224,0.4111730642616749,0.7152418978512287
meps_19,0,cdf,0.020364810770843178,-1.599535658955574,0.4248567149043083,0.7944767009466887
meps_19,42,cdf,0.02164042607182637,-1.7034216225147247,0.420318316668272,0.6983020063489676
meps_19,866,cdf,0.025250248319935054,-1.9266334176063538,0.38974394276738167,0.6699737645685673
meps_19,12,cdf,0.021008440409787,-1.778411976993084,0.39482915960252285,0.5886773820966482
meps_19,4,cdf,0.022680762398522347,-1.848613202571869,0.43016532249748707,0.787207342684269
meps_20,0,marginal,0.025581150522662535,-1.6524666945139568,0.4307299471563763,0.9049808084964752
meps_20,42,marginal,0.02299250972767671,-1.9501140515009563,0.3684439675675498,0.5921689801745944
meps_20,866,marginal,0.022662110523217253,-1.8215692341327667,0.3838518675830629,0.6557965220676528
meps_20,12,marginal,0.02406217023316357,-1.7706834144062467,0.3938663999239604,0.5868621054622862
meps_20,4,marginal,0.024240153945154615,-1.5515759057468839,0.448622958527671,0.9347087012396919
meps_20,0,mean,0.022387481967194214,-1.616127120123969,0.4458124455478456,0.9360176821549734
meps_20,42,mean,0.02782276790175173,-1.9326974484655592,0.37672405938307446,0.6263922734393014
meps_20,866,mean,0.023014692900081474,-1.6427649127112494,0.41380016174581313,0.7233758651547961
meps_20,12,mean,0.02255273863880171,-1.739728033542633,0.42407083842489457,0.6680295483933555
meps_20,4,mean,0.019540441015528306,-1.6188036137157016,0.4435352368487252,0.8824331677622266
meps_20,0,variance,0.04586989225612746,-1.6602810157669916,0.41490882800685036,0.8583195904890696
meps_20,42,variance,0.04986174073484209,-2.0717340972688465,0.35891737871699864,0.5654365602466795
meps_20,866,variance,0.05259845219552517,-1.9443309505780537,0.37108252611425185,0.6249794198407067
meps_20,12,variance,0.0511903731773297,-1.8702510396639507,0.3858661237690184,0.5751952048805025
meps_20,4,variance,0.04686923035316997,-1.7235603464974298,0.42157355778747135,0.8355433394511541
meps_20,0,dependency,0.02947308061023553,-1.482795966996087,0.45526684323946637,0.9316851248343786
meps_20,42,dependency,0.03620677979456054,-2.102899862660302,0.35507286919487846,0.5579250239663653
meps_20,866,dependency,0.02918778918683529,-1.9703649746047125,0.3800525665283203,0.6355001048909293
meps_20,12,dependency,0.03534972336557177,-1.6642278499073453,0.39895300401581657,0.5946311569876142
meps_20,4,dependency,0.033444079777432814,-1.708829767174191,0.41835219661394757,0.8467069880829917
meps_20,0,pca,0.024141185296078522,-1.7292885382970173,0.45620935327476925,0.9774816466702355
meps_20,42,pca,0.022819766929994028,-1.7756197055180867,0.3878682619995541,0.6262558516528871
meps_20,866,pca,0.022945758058793016,-1.6791204379664526,0.4045792602830463,0.6913800372017754
meps_20,12,pca,0.024536200074685946,-1.6544830467965868,0.4305462704764472,0.6636140810118781
meps_20,4,pca,0.023156556507779494,-1.4877496361732483,0.4602370659510295,0.9282986952198876
meps_20,0,density,0.04418064415868786,-0.9869824349880219,0.4432862897713979,0.9439774254957835
meps_20,42,density,0.02967125063555108,-1.246137734916475,0.39107974535889095,0.6417208115259806
meps_20,866,density,0.04628335436185201,-1.1450698044564989,0.41150659653875565,0.7265056255790923
meps_20,12,density,0.027034826214528747,-0.6845293707317777,0.45121412475903827,0.6770857456657622
meps_20,4,density,0.02412907737824652,-0.9799361526966095,0.42719871799151105,0.8728297435575061
meps_20,0,cdf,0.023396423707405727,-1.4334268205695682,0.4505603180991279,0.9912807908323076
meps_20,42,cdf,0.027075352095481422,-1.9571099678675334,0.3839203202062183,0.6481002751323912
meps_20,866,cdf,0.024640065773079794,-1.5195902585983276,0.42548758453792995,0.7772647970252566
meps_20,12,cdf,0.023133330771492586,-1.6442064179314508,0.41493429740269977,0.6550916913482878
meps_20,4,cdf,0.022896672702497907,-1.5347304145495098,0.45692837569448685,0.9539540774292417
house,0,marginal,0.0332842575305182,1.740936331127001,0.6816842348679252,0.6888772793438124
house,42,marginal,0.020373494485798088,0.589150906904884,0.518317435098731,0.47126409929731616
house,866,marginal,0.03592089968531028,1.0467246511708135,0.5785991860472638,0.5378947789254396
house,12,marginal,0.0214459751530186,0.6960526730703271,0.5169386604557866,0.45869805761005567
house,4,marginal,0.02331362016822981,0.7879701671393021,0.5570336865342181,0.5231286533500837
house,0,mean,0.01909288516996995,0.9686215986376223,0.5750698628632919,0.5185439236786055
house,42,mean,0.019220012017404257,0.75343751648198,0.5353080189746359,0.47236080921214557
house,866,mean,0.022262513273112152,1.609625194383704,0.6672214321468187,0.6287907025088435
house,12,mean,0.02085767605382463,0.9174120296602664,0.5467173716296321,0.4660941517871359
house,4,mean,0.02062173689837041,0.6815957582515219,0.5456685605256454,0.5082778865876405
house,0,variance,0.03210444367774155,1.5064014507376629,0.6428015050680741,0.6164860414422076
house,42,variance,0.02213367876475272,4.782723293356273,0.523569502260374,0.48151498255522357
house,866,variance,0.031010740072182987,1.6431117368781047,0.6566422555757605,0.6371204308841539
house,12,variance,0.022139441181460152,0.7336642651454263,0.5306525748708973,0.4739235574784486
house,4,variance,0.018688052123331505,0.6118160706499348,0.5253657750461412,0.5299537428047346
house,0,dependency,0.018624175420921783,0.7535375253013943,0.5489027422407399,0.5197325309981471
house,42,dependency,0.01810034724843243,0.6162128707636958,0.5151517222756925,0.45186448097229004
house,866,dependency,0.022500633100128693,0.7198238476462986,0.5482516832973646,0.5296423033527706
house,12,dependency,0.021467105525991192,0.6004977083724478,0.5222710967063904,0.46920316763546155
house,4,dependency,0.018072060430827347,0.6305856639924257,0.5397792225298674,0.5116076002950254
house,0,pca,0.028693805003295773,1.495569058086561,0.6332675944203916,0.5857228844062142
house,42,pca,0.04731517463274624,0.7262336378512175,0.5189730667549631,0.46603514966757403
house,866,pca,0.03281323166321153,1.0227143116619275,0.5852812580440355,0.5616196303263955
house,12,pca,0.020084322146747425,0.5486530130324156,0.5159012610497682,0.4531663112018419
house,4,pca,0.03375329895187979,0.9463594815005427,0.5720377046128978,0.5213252655837847
house,0,density,0.025090852185435917,1.0345263714375703,0.5835293790568477,0.5477608066538106
house,42,density,0.02855905331671238,25.313403857790906,0.544943612554799,0.48480781264927075
house,866,density,0.02159568922513205,1.283609996671262,0.6325299688007521,0.6193419215471848
house,12,density,0.03471013033033713,13.113601389138594,0.5410129712975543,0.47285369297732477
house,4,density,0.02775290381649266,0.8032305033310599,0.5673664134481679,0.517893822296806
house,0,cdf,0.023091907410517983,1.4902801410011624,0.660117841285208,0.6539779046307439
house,42,cdf,0.021442144420807777,0.7173357320868451,0.5322402534277543,0.4818311463231626
house,866,cdf,0.021242470844932224,1.1562498911567356,0.6041774179624475,0.5715273372505022
house,12,cdf,0.0215573367541251,0.748181753832361,0.5308908029742863,0.4693594263947528
house,4,cdf,0.020142791752258072,0.7983514226001241,0.5501148700714111,0.5205854618031046
bio,0,marginal,0.020653816980912405,-0.7307406915169136,0.23219331514601613,0.2698242735190719
bio,42,marginal,0.023571305451732055,-0.5897767216551537,0.27221853066893187,0.7834708002560279
bio,866,marginal,0.02133530179294301,-0.7007209138542998,0.24051306002280293,0.3352277723013186
bio,12,marginal,0.020883960905028323,-0.6954000831819048,0.2460893848363091,0.3657702970154145
bio,4,marginal,0.02029066919988277,-0.7351027236265295,0.233317780436254,0.2508472380977051
bio,0,mean,0.02122983128270682,-0.7634231027434853,0.233227459823384,0.2681342239181201
bio,42,mean,0.02172968613312525,-0.449464012594784,0.27613330647057177,0.7897075319699213
bio,866,mean,0.019054326904462834,-0.6272427550717896,0.24292670716257656,0.33722018494325523
bio,12,mean,0.020046975445367543,-0.6872865253803777,0.2445522251666761,0.3635611352967281
bio,4,mean,0.018749157003327913,-0.6663196904986513,0.24429120123386383,0.2660779400783427
bio,0,variance,0.023353358712412564,-0.7492732195293202,0.23964816682478962,0.27895288768352244
bio,42,variance,0.020826434460925122,-0.5382400564118928,0.27457613921632956,0.7927948597307298
bio,866,variance,0.020174217483430516,-0.6574790980301651,0.2405857131177304,0.3341255472132973
bio,12,variance,0.020681930632860054,-0.6250830015131071,0.25610756318943173,0.38104648727412316
bio,4,variance,0.020883081517383165,-0.7280816085198346,0.2409421123710333,0.2555232487765013
bio,0,dependency,0.022622560972676557,-0.7425530973602744,0.23515813578577602,0.27025468260342
bio,42,dependency,0.02301178490012592,-0.3239100505323971,0.2851562283787073,0.7987892294631285
bio,866,dependency,0.019199752285346098,-0.6476799080184862,0.2460192596795512,0.33781953813398585
bio,12,dependency,0.019288984930836688,-0.574650935682596,0.25504471420073044,0.37323328940307393
bio,4,dependency,0.021224011904468723,-0.7103373455066307,0.24505544293160533,0.25919052505610035
bio,0,pca,0.022715676703727712,-0.7462749317580578,0.23161764355266795,0.27131039831860393
bio,42,pca,0.020375850811308504,-0.5748277113718145,0.26801737120338515,0.7844110879243589
bio,866,pca,0.019248062470818266,-0.750027770505232,0.2376185684811835,0.3306725419619504
bio,12,pca,0.02193722002865637,-0.6217025512573766,0.25147030166551176,0.3718356264426428
bio,4,pca,0.022290369952280148,-0.6640978128302331,0.2437100825356502,0.2567787564852658
bio,0,density,0.02222771612087301,-0.5715508630462721,0.24646434801466324,0.28938519961985887
bio,42,density,0.022826502483118984,-0.2484915639255561,0.2867171816966113,0.8066761214651313
bio,866,density,0.020928668168683846,-0.5780814471198064,0.2463950628743452,0.3397996801079488
bio,12,density,0.020185314611915278,-0.5019296866421606,0.25974469441993564,0.3844398238203105
bio,4,density,0.01847415470390343,-0.5098279714584351,0.2521095693695779,0.2769216109870696
bio,0,cdf,0.02507848710771285,-0.8329138206500634,0.23154860442759945,0.27509037266467135
bio,42,cdf,0.02051004281669271,-0.5671770940808689,0.2702260312496447,0.7845583894819605
bio,866,cdf,0.020363284548854128,-0.5667261101451575,0.2441286123266407,0.3419832020413642
bio,12,cdf,0.021101235558151032,-0.6421468018316755,0.2476667300158856,0.3700401192786647
bio,4,cdf,0.018286095932126045,-0.7167413836600733,0.24277344053866817,0.2845414846989454
blog_data,0,marginal,0.02014236791469788,-0.440921136635845,0.6364164645388976,0.731848428309974
blog_data,42,marginal,0.022653933535566776,-0.34282967726052815,0.6528086914854535,0.8753132572618582
blog_data,866,marginal,0.026181733172576306,-0.26144771745144313,0.6280622441889876,0.8389167563389923
blog_data,12,marginal,0.023861062665612012,-0.43145272274643687,0.644155031543667,0.7786415411254107
blog_data,4,marginal,0.02253551992698241,-0.3927117860165693,0.6231274513875024,0.7929928418943437
blog_data,0,mean,0.023729586074034036,-0.4521503017868026,0.6717697179923623,0.770890021728257
blog_data,42,mean,0.023514794375179178,-0.41949977245876346,0.6778606641090522,0.9260409853215945
blog_data,866,mean,0.023342735465552846,-0.4775633590958886,0.6966948802188292,0.9404663115234698
blog_data,12,mean,0.022592914401222082,-0.49500966059454415,0.6713243834042953,0.7993412164308257
blog_data,4,mean,0.024747977396315436,-0.3906881060388129,0.6816314458847046,0.8473022842811326
blog_data,0,variance,0.02244519323931407,-0.41550997808828194,0.6774225194575423,0.8696677866628615
blog_data,42,variance,0.02294006493826539,-0.37101827776533064,0.7164335826695976,1.1069410160436468
blog_data,866,variance,0.02422354829702842,-0.5162939858638634,0.7291962605411724,0.9851750731468201
blog_data,12,variance,0.020692811000271368,-0.5609657612897582,0.6960363226421808,0.8543284585920431
blog_data,4,variance,0.023762129736527547,-0.40499190342123226,0.7159780516462811,0.9617533552444587
blog_data,0,dependency,0.02096786561532546,-0.6311287864790125,0.6846841856584711,0.8574480414390564
blog_data,42,dependency,0.02254605435340081,-0.5029936785162505,0.6873888211735224,1.0048465526710122
blog_data,866,dependency,0.024687151692933954,-0.3988376730832003,0.690106418173192,1.0137513966883642
blog_data,12,dependency,0.020941041662531384,-0.6412385659197629,0.6738686329227382,0.8840981216753944
blog_data,4,dependency,0.02361721182399887,-0.3794697968257686,0.7155732664011293,0.9207518605862633
blog_data,0,pca,0.02501151227723744,-0.3975685789423474,0.6662776389364469,0.776734485464581
blog_data,42,pca,0.025529078839315197,-0.19069450831640575,0.686605192847171,0.8914902114262016
blog_data,866,pca,0.025814014013414665,-0.2611278092204514,0.6754280157008413,0.8774925722914227
blog_data,12,pca,0.024411139173149052,-0.42371534499323976,0.6460978570630995,0.7894501044588574
blog_data,4,pca,0.026049047029750833,-0.46177447397830124,0.6652201121136293,0.8405551819478051
blog_data,0,density,0.03182931253844398,-1.5457327325465315,0.2803346696546522,0.3424415928074869
blog_data,42,density,0.03174203127559464,-0.8963406924474038,0.47385715175483184,0.7914175179045079
blog_data,866,density,0.02558713568911209,-0.6034871402938488,0.5573444856425464,0.7430009452973382
blog_data,12,density,0.02761710992367086,-1.811292668520394,0.2835074660636611,0.447468227754205
blog_data,4,density,0.03245936873984539,-1.654824850922924,0.28628880568480086,0.40551203792378054
blog_data,0,cdf,0.022973742999010168,-0.37211163771354544,0.6347570237466844,0.7610629569675963
blog_data,42,cdf,0.026607224701951118,-0.5279952295250812,0.636561263415773,0.95005071718814
blog_data,866,cdf,0.022700682392943712,-0.6231705430200545,0.6402692532135268,0.8679614147897494
blog_data,12,cdf,0.02439418599262076,-0.9124349087981855,0.6354965638306181,0.7915470756716647
blog_data,4,cdf,0.02298545962104858,-0.6529193278086387,0.629094268305827,0.7850866812770649
calcofi,0,marginal,0.0200336275264198,0.5943520388276387,0.4210078582292845,0.3328969800265647
calcofi,42,marginal,0.0199830238139961,0.5885361354610249,0.4205684904791728,0.3337083288601467
calcofi,866,marginal,0.0197253451113268,0.5903998971173242,0.4217271591309739,0.3382706878659855
calcofi,12,marginal,0.0197091009937414,0.5866792743884716,0.4187144846224985,0.3314013134750749
calcofi,4,marginal,0.020529322643146,0.6058272749279477,0.4225717077360433,0.3370114454232594
calcofi,0,mean,0.0209472559689849,0.5853012073158967,0.4206306827919824,0.3349797901767893
calcofi,42,mean,0.0218133142740395,0.5872046132298077,0.421781991710182,0.3407242910138198
calcofi,866,mean,0.0207407085118353,0.5829088217226648,0.4212443877418502,0.3350188447428601
calcofi,12,mean,0.0210170644622084,0.5807560899553179,0.4192694474731673,0.332417708798116
calcofi,4,mean,0.0210885723085267,0.5934681310122755,0.4219701292008913,0.3410212276894755
calcofi,0,variance,0.0204746685256915,0.603450311895679,0.4206233187382962,0.3310757360945479
calcofi,42,variance,0.020061441766149,0.6151494273775014,0.4204949126148424,0.331985161021477
calcofi,866,variance,0.0198353671927607,0.595148414968192,0.4209744666679567,0.3320378908464889
calcofi,12,variance,0.0200653799032761,0.5849323440812716,0.419644977615661,0.3350559116630744
calcofi,4,variance,0.0191281635452163,0.5924989196683178,0.4223372350532968,0.3380702284610822
calcofi,0,dependency,0.0197152746953813,0.5949595673557591,0.4202829725852534,0.3318546521907844
calcofi,42,dependency,0.0202473370385739,0.5860580340841738,0.4204100489052905,0.3323887400642162
calcofi,866,dependency,0.0199028479136886,0.6124978774235028,0.4209308299948187,0.3329153238099162
calcofi,12,dependency,0.0196113078806064,0.5902342325812128,0.4193804280347183,0.3286461654361807
calcofi,4,dependency,0.0191960462917839,0.5913673474946443,0.4220903308889946,0.3350896720437943
calcofi,0,pca,0.021185536396361,0.591434239996832,0.4208708568906584,0.3368791585021159
calcofi,42,pca,0.0213541996131158,0.6121622144612444,0.4207781653444306,0.3356592956022555
calcofi,866,pca,0.0208164415402463,0.5962957213906681,0.4214501529618972,0.3351830751204691
calcofi,12,pca,0.0205024753544604,0.5901059481088354,0.4192361368351623,0.3361885408800439
calcofi,4,pca,0.0205547538627048,0.5955059783173209,0.4219900521160173,0.3381640346517332
calcofi,0,density,0.020400449494193427,0.6081521832266775,0.42095155118643734,0.3324638081385809
calcofi,42,density,0.020024058366480024,0.5995724986017752,0.4207656587309697,0.33122763691955254
calcofi,866,density,0.02045260353146919,0.601598451524472,0.4211641062958902,0.33215721590178354
calcofi,12,density,0.020071924172983577,0.592190099739227,0.41923404171937656,0.32905708430256664
calcofi,4,density,0.02077298428268493,0.601113960506911,0.42189730202951353,0.3346381216396053
calcofi,0,cdf,0.02051137843679934,0.595402571020507,0.4203762613675174,0.33522323274812776
calcofi,42,cdf,0.020220114677330526,0.5897511645306309,0.4206213350055598,0.3368579354919806
calcofi,866,cdf,0.020282480788921954,0.5904158326257177,0.42274177950971265,0.34576989757288407
calcofi,12,cdf,0.020029431326361764,0.5914343563573701,0.42065734312940045,0.3468730050225218
calcofi,4,cdf,0.020177470201708597,0.5957140586018062,0.4234307409585023,0.3518813737832448
ansur2,0,marginal,0.029722224920988083,1.8954717516899109,0.5503011643886566,0.3654550462961197
ansur2,42,marginal,0.022533677518367767,1.8581491112709045,0.5354621708393097,0.3603465408086777
ansur2,866,marginal,0.03582989610731602,1.8326659798622131,0.5481052696704865,0.39508287608623505
ansur2,12,marginal,0.04782208055257797,1.9224252104759216,0.5549503266811371,0.38253650069236755
ansur2,4,marginal,0.02656333614140749,1.833968162536621,0.5291139781475067,0.35037659108638763
ansur2,0,mean,0.04212369862943888,1.8769933581352234,0.5475505292415619,0.3694052994251251
ansur2,42,mean,0.021411700174212456,1.8222940564155579,0.5336459875106812,0.36336344480514526
ansur2,866,mean,0.04284307546913624,1.9003672003746033,0.5620055496692657,0.3976619243621826
ansur2,12,mean,0.07111133821308613,1.8873871564865112,0.5621849000453949,0.39758308231830597
ansur2,4,mean,0.023593295831233263,1.7896100878715515,0.5250149667263031,0.3509102910757065
ansur2,0,variance,0.03670217841863632,1.8026188015937805,0.5416602194309235,0.37633977830410004
ansur2,42,variance,0.02288035023957491,1.799827218055725,0.5318261981010437,0.3752171993255615
ansur2,866,variance,0.0449944818392396,1.8568931818008423,0.550676167011261,0.39807815849781036
ansur2,12,variance,0.021978270262479782,1.853294312953949,0.5535033643245697,0.3954295516014099
ansur2,4,variance,0.028755870647728443,1.768576443195343,0.5255430936813354,0.3578994870185852
ansur2,0,dependency,0.024571300484240055,1.833249270915985,0.5343815088272095,0.3717999905347824
ansur2,42,dependency,0.019119893200695515,1.7656137347221375,0.5273700952529907,0.3626958429813385
ansur2,866,dependency,0.03751117177307606,1.8604360818862915,0.5501261353492737,0.40244825184345245
ansur2,12,dependency,0.01954912580549717,1.897400677204132,0.5598122775554657,0.4011697471141815
ansur2,4,dependency,0.024412713013589382,1.8023669719696045,0.5285402536392212,0.35773031413555145
ansur2,0,pca,0.04069325141608715,1.8425660729408264,0.5383080244064331,0.3617209494113922
ansur2,42,pca,0.029485147446393967,1.8407317996025085,0.5402556359767914,0.36393819749355316
ansur2,866,pca,0.038403095677495,1.9450125694274902,0.5730709731578827,0.3956373631954193
ansur2,12,pca,0.04710353910923004,1.9015615582466125,0.5613970756530762,0.3880120515823364
ansur2,4,pca,0.032259562984108925,1.8203893899917603,0.5299011766910553,0.35162100195884705
ansur2,0,density,0.09867177531123161,2.13353168964386,0.6590337157249451,0.5920372605323792
ansur2,42,density,0.015409382060170174,1.9277850985527039,0.5507762134075165,0.3780471533536911
ansur2,866,density,0.033155775628983974,1.9430760741233826,0.5658726394176483,0.4121383726596832
ansur2,12,density,0.028593838214874268,1.952825903892517,0.574889600276947,0.4317363351583481
ansur2,4,density,0.024854037910699844,1.8526129722595215,0.5346841216087341,0.3486054837703705
ansur2,0,cdf,0.04614153318107128,1.8852605819702148,0.5443738698959351,0.36331236362457275
ansur2,42,cdf,0.021794842556118965,1.8349470496177673,0.5442574620246887,0.36608676612377167
ansur2,866,cdf,0.0401460025459528,1.931024432182312,0.5623616576194763,0.39893436431884766
ansur2,12,cdf,0.06695184670388699,1.8738321661949158,0.5487878024578094,0.38509100675582886
ansur2,4,cdf,0.02012271247804165,1.8275164365768433,0.5289016366004944,0.35732296109199524
taxi,0,marginal,0.022267040064824477,1.7589670215334212,0.6975163289478847,0.8548341972487313
taxi,42,marginal,0.02126091488503984,1.8095191138131277,0.7209020631653922,0.9035631597042084
taxi,866,marginal,0.019872912445238658,1.760548768724714,0.6925942463534219,0.8344971776008606
taxi,12,marginal,0.022718805739922184,1.8273912566048758,0.7052567533084324,0.8459578795092446
taxi,4,marginal,0.019937169032969645,1.8050713862691607,0.7129216969013215,0.8858363006796156
taxi,0,mean,0.025509763229638337,1.7598393883023944,0.6918614745140076,0.8023942802633558
taxi,42,mean,0.02134463454463652,1.8058334248406547,0.7122342782361167,0.8524250294481005
taxi,866,mean,0.021913660783320667,1.7574717555727277,0.6973881610802242,0.8189101091453007
taxi,12,mean,0.022021136060357095,1.809588408470154,0.7059647440910339,0.8368069529533386
taxi,4,mean,0.020445371751806565,1.8032126460756575,0.708866514478411,0.8537734389305115
taxi,0,variance,0.02546100394268121,1.7544544969286238,0.7011611044406891,0.8841149960245405
taxi,42,variance,0.02680295705795288,1.7808873210634504,0.7141837656497956,0.884398717539651
taxi,866,variance,0.024484059334333452,1.7773522121565684,0.6985143533774785,0.8467212396008628
taxi,12,variance,0.02448453524016908,1.7791594556399755,0.7057271080357688,0.8675214912210192
taxi,4,variance,0.025766549139682737,1.7194374425070627,0.7143637572016035,0.9229575548853193
taxi,0,dependency,0.023455483559519052,1.8053328565188818,0.6911867209843227,0.8147959070546287
taxi,42,dependency,0.02392138796193259,1.7700882502964566,0.7077721229621342,0.8553007364273071
taxi,866,dependency,0.024166142355118478,1.7521627783775329,0.6959835086550031,0.8306750340121133
taxi,12,dependency,0.020241273247769902,1.744171931062426,0.7020184227398464,0.8467524903161185
taxi,4,dependency,0.021512613405606576,1.7076474887984139,0.7066857159137726,0.8644452750682831
taxi,0,pca,0.02385716868032302,1.7936182737350463,0.6958023684365409,0.8285127001149314
taxi,42,pca,0.021754160962466684,1.8334509696279253,0.7084113461630684,0.8681668221950531
taxi,866,pca,0.02080936014120068,1.8021481735365732,0.7067698427609035,0.8579569092818669
taxi,12,pca,0.023014013176517828,1.7994305491447449,0.7082197666168213,0.8512370024408613
taxi,4,pca,0.021750899218022823,1.799363226549966,0.7134947538375854,0.8797079469476428
taxi,0,density,0.02283755943977407,1.7183624199458531,0.6856384030410222,0.8032107710838318
taxi,42,density,0.021386981156787704,1.7688309839793614,0.7093118897506169,0.8520155906677246
taxi,866,density,0.022377556389463798,1.7340840305600846,0.6918199981961931,0.8179727877889361
taxi,12,density,0.023109392249690636,1.7443112918308803,0.6991044325487954,0.8325471401214599
taxi,4,density,0.02140610868643437,1.7429594125066485,0.7058867829186576,0.8553150764533451
taxi,0,cdf,0.023317488322832754,1.7971979890550887,0.6872387673173632,0.8209297699587685
taxi,42,cdf,0.022267425858548708,1.8187185883522035,0.7100096983569009,0.8568529163088118
taxi,866,cdf,0.020708326283576235,1.7953141740390233,0.7018823887620653,0.8242885564054762
taxi,12,cdf,0.02115378081133323,1.8478438905307224,0.7043869921139309,0.8386778363159725
taxi,4,cdf,0.020670999992372735,1.7958080189568655,0.712893979038511,0.8678428658417293
