data_name,s,prerank,pce,nll,energy,total_train_time,total_inference_time
households,100,marginal,0.0296798888593912,3.343005379041036,0.9630944828192392,2.95684089276474,0.010007204224045
households,1000,marginal,0.028360163172086,3.4125624895095825,0.9497758746147156,4.150700117197508,0.0086881385262434
households,100,mean,0.0224709923689564,3.3882911602656045,0.9768209159374236,2.3907586427327865,0.007942359164978
households,1000,mean,0.0228625788974265,3.427808086077372,0.962650199731191,3.545920522836968,0.0101015937825043
households,100,variance,0.0259304582141339,3.3412615855534877,0.9498361051082612,2.8678097824798896,0.0086167139777292
households,1000,variance,0.0225892428619166,3.3322641849517822,0.9474768141905466,3.935104140119317,0.0091249441495165
households,100,dependency,0.0231009411315123,3.278773069381714,0.9477696716785432,2.6809138623454296,0.008967102652726
households,1000,dependency,0.0227876743301749,3.337200919787089,0.95136292775472,2.292607177165337,0.009482546399037
households,100,pca,0.0268785605827967,3.3967339197794595,0.9520529011885324,3.6698080707496654,0.0103451301110908
households,1000,pca,0.0245253710697094,3.366730133692424,0.9578012724717458,3.614796734368429,0.0093524245622878
households,100,density,0.0562348881115516,3.415683706601461,0.9664638837178549,10.518203708335449,0.0138842226782192
households,1000,density,0.05598128400743,3.33596940835317,0.9528976877530416,54.83068294203064,0.057611598734123
households,100,cdf,0.0344026923800508,3.430705666542053,0.9760302205880484,5.568590580268452,0.0129078100047384
households,1000,cdf,0.0319817156220475,3.390381654103597,0.9806935787200928,38.21150185035076,0.047043556945088
air,100,marginal,0.0380367886275053,5.771510648727417,1.4460066914558412,2.9772909936495124,0.0107492793817073
air,1000,marginal,0.0396585281938314,5.876259756088257,1.44503173828125,4.083045587711967,0.0122295975141848
air,100,mean,0.0294314198195934,5.875032234191894,1.4371811032295227,3.658069507800974,0.010906137083657
air,1000,mean,0.0273172410205006,5.842226219177246,1.4352368474006654,3.785123227451307,0.0106991078161324
air,100,variance,0.0237741947174072,5.760257768630981,1.4513969898223875,3.8192234481684864,0.010283347312361
air,1000,variance,0.0241215790621936,5.832801437377929,1.4425057291984558,3.941552308488947,0.0100633108833183
air,100,dependency,0.0268367045558989,5.7820690155029295,1.4213823914527892,4.11565108706709,0.0111043752326319
air,1000,dependency,0.027617476414889,5.762840604782104,1.4298900842666626,3.936754725314677,0.0114451587665826
air,100,pca,0.0348328080028295,5.922265148162841,1.434589731693268,3.822019386788209,0.0116564724516744
air,1000,pca,0.0388171769678592,6.131102895736694,1.4322555303573608,5.25475339544937,0.0131691043032333
air,100,density,0.0304750829935073,5.754209804534912,1.4433804392814635,11.58316771875446,0.0199744872826462
air,1000,density,0.0311360899358987,5.873135757446289,1.437434482574463,54.1516056763862,0.0911001414991915
air,100,cdf,0.0291990483179688,5.815047359466552,1.4613341331481933,10.004183912316028,0.0163147847323367
air,1000,cdf,0.0307966442778706,5.868164443969727,1.4501919865608217,62.16966874426386,0.072629898165663
births1,100,marginal,0.0298153806477785,1.3861475825309753,0.7164633393287658,3.657215145664911,0.0106899464114879
births1,1000,marginal,0.0279616147279739,2.1409804105758665,0.7119652092456817,3.6532151520174616,0.0115703034990777
births1,100,mean,0.0285007999278604,1.4699753642082214,0.725017535686493,3.0850633116671817,0.0109888571624954
births1,1000,mean,0.0265884017571806,1.4323774933815003,0.7150197684764862,2.726237920120669,0.0103693983051925
births1,100,variance,0.0280941497534513,2.137197542190552,0.7006193578243256,4.481458418901699,0.0111973783156524
births1,1000,variance,0.0265028294175863,2.137947034835816,0.7058154881000519,2.628538067235301,0.0098820269030208
births1,100,dependency,0.02063807621598244,2.1088581800460817,0.696933525800705,3.5622837506545086,0.011087547793673972
births1,1000,dependency,0.022706438973546027,1.5094713926315309,0.7007287681102753,6.069630404895482,0.009557338167602817
births1,100,pca,0.03446530774235725,1.5498598217964172,0.7306377112865448,2.376990553550422,0.011057240903998415
births1,1000,pca,0.03170379940420389,1.3152245044708253,0.7212128639221191,3.2014440740303445,0.01102156883571297
births1,100,density,0.026544728595763446,2.103729319572449,0.6982911586761474,7.680208983932001,0.01690444053771595
births1,1000,density,0.05991410538554191,1.6763308763504028,0.7027050435543061,66.97677274010299,0.0898594822268933
births1,100,cdf,0.0259402172639966,1.1512111186981202,0.7245112478733062,8.397245517636959,0.015617001537854473
births1,1000,cdf,0.02782245371490717,1.2058006525039673,0.7153885006904602,73.16302599214639,0.07483366782932231
births2,100,marginal,0.030202218145132066,-4.60879921913147,0.9993886411190033,5.738425061999199,0.010197728034108877
births2,1000,marginal,0.0334791075438261,-2.646959066390991,1.0177621603012086,3.8499222966143862,0.009999977851596972
births2,100,mean,0.024909631162881852,-3.8860487222671507,0.9972512722015381,4.436577852830911,0.009700096646944682
births2,1000,mean,0.023847560118883847,-4.1341546177864075,0.987462329864502,5.346465776100134,0.010571543181625506
births2,100,variance,0.04865818601101637,-4.686176443099976,0.9724752128124237,4.683555775205605,0.00887163016013801
births2,1000,variance,0.05114624910056591,-4.318834543228149,0.9594942390918731,5.055404112883844,0.011066056950949133
births2,100,dependency,0.030871304962784053,-4.123070621490479,0.9751817941665649,3.939473919166873,0.010178274079225957
births2,1000,dependency,0.030553197674453258,-1.81499902009964,0.9484287559986114,4.863667016996382,0.010400613963914415
births2,100,pca,0.05315318591892719,-4.1934382796287535,0.9967411875724792,4.515578076949653,0.010838229247989753
births2,1000,pca,0.05543411634862423,-4.094425702095032,0.9722649276256561,5.178595690817262,0.012273534651224811
births2,100,density,0.4149678349494934,-4.439288020133972,0.9523304879665375,11.020039182482288,0.01805772218698015
births2,1000,density,0.37949329018592837,-4.649501776695251,0.9391713976860047,135.03050426623474,0.09102061241865159
births2,100,cdf,0.03675717692822218,-4.264378905296326,0.9933893144130707,15.327398744085803,0.016290678068374594
births2,1000,cdf,0.0346604379825294,-4.20291154384613,1.0161947846412658,127.76404635869743,0.06738506748030583
wage,100,marginal,0.12784635797142982,2.8367457389831543,0.8931989967823029,0.49900307673184824,0.011076105882724126
wage,1000,marginal,0.030917556397616862,1.1757369816303254,0.7188407719135285,3.150865521848512,0.011767325783148408
wage,100,mean,0.026376995723694563,1.0067469716072082,0.7511601388454437,2.757075143364879,0.009654027968645095
wage,1000,mean,0.03026381991803646,0.8515969812870026,0.7188141584396363,2.123938818935615,0.010542658297345043
wage,100,variance,0.028705801256000994,0.5770831257104874,0.7209913313388825,1.7250628429154555,0.00964627331122756
wage,1000,variance,0.02971668718382716,0.5252626024186611,0.7099392652511597,1.550109719648026,0.010373996384441853
wage,100,dependency,0.03499225992709398,0.5053188234567643,0.7310055553913116,2.1145392133388667,0.010505121403063337
wage,1000,dependency,0.030133212450891733,0.9319102942943573,0.7322701573371887,2.338928648130968,0.010869489035879571
wage,100,pca,0.038991484045982364,0.5697834551334381,0.7230736911296844,1.5875914768781514,0.010708074636446933
wage,1000,pca,0.04075962454080582,0.5534912109375,0.7213413834571838,1.571156930217209,0.012596920210247239
wage,100,density,0.37436345517635344,0.6869906216859818,0.6821583032608032,3.9220204800988236,0.01927089171949774
wage,1000,density,0.363663911819458,0.5394749522209168,0.6912263572216034,20.750556023519795,0.09332528531861801
wage,100,cdf,0.11654405519366265,2.870650124549866,0.9126901209354401,1.3004062332600976,0.017115549463778735
wage,1000,cdf,0.03235263079404831,1.4350368618965148,0.7093857884407043,82.67072386858054,0.07278521237894893
scm20d,100,marginal,0.028673157561570406,7.516160726547241,2.194192111492157,2.1535664067293205,0.009945146879181266
scm20d,1000,marginal,0.030009621754288673,7.5468538999557495,2.203580915927887,1.9591078599682077,0.010256311716511845
scm20d,100,mean,0.024949198588728905,8.242492139339447,2.257562965154648,1.4472560202470048,0.009542785103743274
scm20d,1000,mean,0.022553875343874097,10.085510969161987,2.219990164041519,1.366326005733572,0.009765754748756687
scm20d,100,variance,0.041240792023018,7.634476542472839,2.262581557035446,1.45418476711493,0.00920046401831011
scm20d,1000,variance,0.04392530280165374,8.852499961853027,2.2573170959949493,1.705642420014677,0.009250083410491546
scm20d,100,dependency,0.02579428581520915,7.990380883216858,2.3697573840618134,1.6995294119619453,0.009357978985644878
scm20d,1000,dependency,0.024741078494116664,12.030599892139435,2.3488939106464386,2.077498045912944,0.010348577083398898
scm20d,100,pca,0.03125790087506175,8.935275077819824,2.2223279178142548,1.9654198898468167,0.009699338534846901
scm20d,1000,pca,0.03233992354944348,7.691496253013611,2.2852810323238373,2.2583987813132507,0.013607733037012319
scm20d,100,density,0.08801419008523226,7.776782989501953,2.359064370393753,5.02257607767048,0.015029446749637524
scm20d,1000,density,0.07232816284522414,7.690377473831177,2.3487293422222137,23.310192947881298,0.07372199404829492
scm20d,100,cdf,0.03536259289830923,7.816668212413788,2.416906177997589,4.350878486518438,0.016428158602987727
scm20d,1000,cdf,0.031250476371496916,7.687356114387512,2.3231225311756134,41.8709980740988,0.08873086210029821
scm1d,100,marginal,0.026040951824850507,7.184766663445367,2.0462176269955106,1.3364466790032263,0.011465427031119664
scm1d,1000,marginal,0.024483838429053623,7.080092695024279,1.6812613407770793,2.7458835292607544,0.01135987308031569
scm1d,100,mean,0.022311461054616503,6.905615753597683,1.959283709526062,1.7115300400182605,0.011208889299693207
scm1d,1000,mean,0.028718221311767895,5.95557000901964,2.0327983564800687,1.8199393580124403,0.010883783929360409
scm1d,100,variance,0.031222414328820176,9.496346261766222,1.8605648941463895,2.0293966204005605,0.010942728949400286
scm1d,1000,variance,0.03276327490392658,17.585538387298584,2.046707206302219,1.8678038468351588,0.011999038451661666
scm1d,100,dependency,0.03466356255941921,6.876881864335802,2.193076981438531,1.8762714022537694,0.01173942976941665
scm1d,1000,dependency,0.02971314380152358,71.50680748621623,2.062163750330607,2.4218592268492407,0.012175150052644312
scm1d,100,pca,0.03625278506014082,7.315636687808567,1.9671876298056707,2.3189905409623557,0.012916648644022644
scm1d,1000,pca,0.04415163770318031,7.723746458689372,1.9222000307506986,2.1378704959138606,0.014324603982580205
scm1d,100,density,0.0995203596022394,7.70567003885905,2.1765855153401694,2.771425124971817,0.0195786970667541
scm1d,1000,density,0.08130578779511982,8.00292264090644,2.267032994164361,14.404652711415354,0.08320901518066724
scm1d,100,cdf,0.030965230117241543,5.921978738572863,1.9960551261901855,6.092067044934568,0.01988453936452667
scm1d,1000,cdf,0.030564402747485373,7.600275304582384,1.973686244752672,58.563894695051324,0.0993638270534575
wq,100,marginal,0.1476767659187317,19.980182647705078,2.5431652069091797,1.9114886474485198,0.010978451984313627
wq,1000,marginal,0.1611519306898117,20.809892654418945,2.5582427978515625,1.6662436593479166,0.008609350553403299
wq,100,mean,0.08111873269081116,20.233949661254883,2.5353877544403076,1.7583285542515417,0.007838055165484548
wq,1000,mean,0.056404609233140945,20.341249465942383,2.535155773162842,2.3041110678808763,0.010185517199958364
wq,100,variance,0.2568605840206146,21.28569984436035,2.55668044090271,1.8603814868489281,0.008351000972713034
wq,1000,variance,0.2669377624988556,20.843961715698242,2.556980848312378,1.8771372215201458,0.010038094610596697
wq,100,dependency,0.02148560993373394,20.780019760131836,2.537778377532959,1.8249975360541915,0.0077606184175238015
wq,1000,dependency,0.026511339470744133,20.915048599243164,2.563178062438965,1.751546050600397,0.0076671067780504625
wq,100,pca,0.08101782202720642,20.345109939575195,2.5290377140045166,2.008023652263607,0.008630960613178711
wq,1000,pca,0.07954184710979462,20.06387710571289,2.537322759628296,2.255544893365974,0.0096650168299675
wq,100,density,0.26697254180908203,20.602548599243164,2.534506320953369,2.7810279935520765,0.00897180278164645
wq,1000,density,0.2665371000766754,21.298046112060547,2.5325353145599365,6.915743878817496,0.0192830539541319
wq,100,cdf,0.2423870861530304,20.04176139831543,2.552506685256958,2.364718110781784,0.008030918830384811
wq,1000,cdf,0.24535208940505981,20.545324325561523,2.540665626525879,7.702616926352493,0.0155101398161302
scpf,100,marginal,0.03779321908950806,-5.183538913726807,0.23149725794792175,4.389263131298746,0.007951026262405018
scpf,1000,marginal,0.043992917984724045,-5.596206188201904,0.2406269907951355,4.736786622429888,0.007461961801163852
scpf,100,mean,0.024903621524572372,-5.4521708488464355,0.23395518958568573,4.837208841073637,0.007629842435320219
scpf,1000,mean,0.02365400828421116,-4.021139621734619,0.25594666600227356,4.854161270032637,0.007452699060862263
scpf,100,variance,0.03394292667508125,-4.982203483581543,0.2468944638967514,4.426061352963249,0.009075604177390536
scpf,1000,variance,0.033263638615608215,-5.726872444152832,0.22974534332752228,5.4969673584681,0.009083451866172255
scpf,100,dependency,0.05756605789065361,-6.558828353881836,0.21191366016864777,4.541364068615561,0.007447949913330376
scpf,1000,dependency,0.08646641671657562,-6.004143238067627,0.23542025685310364,4.4265902515656,0.008487730318059524
scpf,100,pca,0.056464217603206635,-4.792076587677002,0.22324664890766144,4.086327796864013,0.008242518734186887
scpf,1000,pca,0.04939217492938042,-5.774609088897705,0.23247455060482025,4.731055286945775,0.007327782960298161
scpf,100,density,0.31212255358695984,-5.593302249908447,0.22462384402751923,4.387050535599701,0.011744460936946173
scpf,1000,density,0.3570958375930786,-6.430112838745117,0.22692547738552094,13.142977477330714,0.015921304149863622
scpf,100,cdf,0.02370782569050789,-5.280209541320801,0.25075724720954895,6.761581709088447,0.010825867912111183
scpf,1000,cdf,0.025542763993144035,-5.878848075866699,0.2389553338289261,22.224320608959534,0.02004066014972826
meps_21,100,marginal,0.027362328954041004,-1.851215936243534,0.4068708475679159,2.521121654900101,0.011818909854628145
meps_21,1000,marginal,0.023941184976138175,-1.8787769675254822,0.4109218046069145,2.7063734928689276,0.011653358434947829
meps_21,100,mean,0.02750487980665639,-1.9224614650011063,0.4101942740380764,2.8559747232512263,0.01101894531554232
meps_21,1000,mean,0.024034094298258424,-1.8336861282587051,0.4094751048833132,1.9653251540459071,0.012166959109405677
meps_21,100,variance,0.027826828067190945,-1.7849858924746513,0.44351266883313656,1.6637999376514927,0.012299208948388696
meps_21,1000,variance,0.03203105495776981,-1.7451843917369843,0.4374347198754549,2.149816841104378,0.01307803459931165
meps_21,100,dependency,0.024755218590144068,-1.7664847671985626,0.4311854001134634,2.667188507753114,0.011589793201225499
meps_21,1000,dependency,0.024798839003778994,-1.6482847332954407,0.45138400979340076,1.8310820109521349,0.01121409162102888
meps_21,100,pca,0.02385921817040071,-1.9720722287893295,0.405699510127306,3.0030333953831967,0.01227438411830614
meps_21,1000,pca,0.02488230331800878,-1.748887076973915,0.4187279101461172,3.1605554439515497,0.014586572217134138
meps_21,100,density,0.029320728208404034,-1.0844992846250534,0.4059095438569784,11.786039925172615,0.03613445011433214
meps_21,1000,density,0.028813055949285626,-1.0444647781550884,0.40708514116704464,74.55361445064968,0.14256450779891264
meps_21,100,cdf,0.025448284053709358,-1.8381754904985428,0.4119644407182932,7.739036422781647,0.020484737982042135
meps_21,1000,cdf,0.02639671234646812,-1.8981279507279396,0.43416099809110165,66.60562504166737,0.10575873401636879
meps_19,100,marginal,0.027906185714527965,-1.7951617017388344,0.4154027923941612,2.001328759787915,0.011522712131651739
meps_19,1000,marginal,0.027620221837423742,-1.6925689056515694,0.40811375342309475,2.895055156884094,0.011979125696234405
meps_19,100,mean,0.022521589184179902,-1.2418751195073128,0.4764294493943453,1.2719585712843886,0.011779872452219326
meps_19,1000,mean,0.0261005480424501,-1.6934411898255348,0.40956126898527145,2.483925981183226,0.0120517087324212
meps_19,100,variance,0.04646019893698394,-1.959539882838726,0.39851181395351887,1.8198330557982747,0.012555498451304933
meps_19,1000,variance,0.04503445886075497,-1.7064912021160126,0.39624761044979095,2.0995678935820856,0.012276587053202092
meps_19,100,dependency,0.026189503143541515,-1.7881086245179176,0.43712394684553146,2.2643991752527652,0.012465499232833584
meps_19,1000,dependency,0.02503676258493215,-1.779334731400013,0.43638353794813156,2.52663071527301,0.01244786298678567
meps_19,100,pca,0.026576461270451546,-1.7077659890055656,0.42715279199182987,2.4849222152959554,0.013115841903102894
meps_19,1000,pca,0.02718484785873443,-1.787130445241928,0.4230847842991352,3.474094277814341,0.01458876032071809
meps_19,100,density,0.027486331935506314,-1.035922458395362,0.41627233289182186,11.183707333852848,0.02617115150205791
meps_19,1000,density,0.02723981614690274,-1.1511207781732082,0.40612669847905636,86.17635234897025,0.14084339613715807
meps_19,100,cdf,0.01918467605719343,-1.7447496950626373,0.41839285381138325,10.649504777183756,0.02169013024928669
meps_19,1000,cdf,0.02038999373326078,-1.8753433674573898,0.39792620576918125,96.49194930290493,0.10669703360181301
meps_20,100,marginal,0.025702795738147363,-1.6946617563565571,0.43018583456675213,2.915633365434284,0.012964888452552259
meps_20,1000,marginal,0.026364243175420497,-1.614083058304257,0.4197979470094045,3.0630906004769107,0.011987392961358031
meps_20,100,mean,0.020036395794401567,-1.5019162032339308,0.4430933892726898,2.297720470970186,0.011642220034264027
meps_20,1000,mean,0.023679742279152077,-1.5248635278807745,0.4393150789870156,2.469599744436952,0.011851407618572314
meps_20,100,variance,0.04438361939456728,-1.50958823495441,0.43317123254140216,1.649025323901636,0.012228386484396954
meps_20,1000,variance,0.048021472369631134,-1.71772876713011,0.4124351458417045,2.7806009917830425,0.012546953155348699
meps_20,100,dependency,0.030872600463529427,-1.6748336089981928,0.4143511288695865,1.6479107406999296,0.01165737973836561
meps_20,1000,dependency,0.030631590841545,-1.6141912539800007,0.4186561322874493,1.6334621825876334,0.010753897717222571
meps_20,100,pca,0.023732033661670156,-1.5197745826509264,0.44392240709728664,2.7914701358648015,0.01111072866866986
meps_20,1000,pca,0.02286485510153903,-1.5198635525173612,0.4254934423499637,4.067245373836098,0.013155234364482264
meps_20,100,density,0.02053459423283736,-0.8921242008606592,0.43554163641399807,12.947316661415,0.024415321935278674
meps_20,1000,density,0.027204782132887177,-1.1341857612133026,0.42670416335264844,89.27162877443091,0.1605807687699174
meps_20,100,cdf,0.022474126062459417,-1.332914286189609,0.4890362670024236,6.246369048836641,0.020005873373399177
meps_20,1000,cdf,0.022155979079090886,-1.439531644185384,0.4633155283000734,76.36654493536335,0.1115023826326554
house,100,marginal,0.026450425467413406,1.0870365552280261,0.5883719610131305,2.343145168526098,0.01151784360408783
house,1000,marginal,0.03386806761441023,1.2773895211841748,0.6177402942076974,1.362952072964981,0.010340968216769397
house,100,mean,0.019291279513550842,1.6028323588163957,0.6413512463155,1.1919838902307673,0.01068388099471728
house,1000,mean,0.02064460030068522,1.5210943895837534,0.6378909297611403,1.380932464535969,0.016870105150155724
house,100,variance,0.01951915090498717,0.6757582387198573,0.5278803395188373,7.212127136314908,0.010124950615378717
house,1000,variance,0.026472440475355023,1.6886700547259788,0.6747393452602884,0.7221588379315411,0.011225216998718679
house,100,dependency,0.021273587506426418,1.613985890927522,0.6565980600274127,0.9821044336305931,0.010650712197336059
house,1000,dependency,0.020354026523621185,1.074634938136391,0.5955273897751517,2.845761477597989,0.011948513262905181
house,100,pca,0.04665567434352377,0.8943845396456511,0.5575964554496433,6.504969201671581,0.010754895536229015
house,1000,pca,0.0337297565749158,1.4942358265752378,0.6542329295821812,1.2218673310475423,0.014467872531774143
house,100,density,0.026811239451331938,1.3240073919296265,0.6298375725746155,6.4799432977723574,0.02974747196615984
house,1000,density,0.024036110662247822,0.9238329477932142,0.5763109300447546,148.02892494588934,0.2057917207479477
house,100,cdf,0.02227645484811586,0.910193321497544,0.5719156032023223,27.15877131408391,0.025081836509828766
house,1000,cdf,0.021774697441445744,1.2107857621234397,0.612782050733981,74.5090932122975,0.1508444499457255
bio,100,marginal,0.020435524574827914,-0.7734372113265243,0.23316621575869767,14.811973399203271,0.012472767801955342
bio,1000,marginal,0.0205583994952487,-0.7818718587650972,0.2332980545128093,17.123460010811687,0.015342580139016111
bio,100,mean,0.023210196463646842,-0.7324346187067967,0.23430169709757262,15.456379907485097,0.013881446095183492
bio,1000,mean,0.022426952133137806,-0.7211751026265761,0.23670889554070493,17.019835233222693,0.013887690201712152
bio,100,variance,0.022528040186301165,-0.7470695306273067,0.2345903507050346,18.004805949353614,0.013781729713082313
bio,1000,variance,0.023989432345272278,-0.7078627447287241,0.23591834949512108,11.89993073741595,0.014767402263047794
bio,100,dependency,0.023075659193244634,-0.6787263382883633,0.24004746009321773,10.51982122954602,0.014335932543811698
bio,1000,dependency,0.022808030430300563,-0.7669980841524461,0.23555826176615322,17.786689844036786,0.014290275517851114
bio,100,pca,0.02339595222078702,-0.7431800201827404,0.23471562389065237,12.18927363192973,0.017274273900936048
bio,1000,pca,0.023895209289941134,-0.7520644214807772,0.23506762554832533,19.835984710115007,0.020776545077872775
bio,100,density,0.021136224269866943,-0.6257472499912861,0.24280013523849786,54.91657281257212,0.05594996681126455
bio,1000,density,0.021410337548849044,-0.6219643851121267,0.24156519799840218,379.0305256639452,0.434591442765668
bio,100,cdf,0.024380096161336292,-0.681855659274494,0.23880378142291425,58.57002695900543,0.045181061428350704
bio,1000,cdf,0.024189971789133315,-0.7934025385800529,0.2336164385664697,860.8846649033328,0.3414955162986492
blog_data,100,marginal,0.022942725805786705,-0.33069746688765994,0.6474122839458918,3.788417002481098,0.01906529733290275
blog_data,1000,marginal,0.020781670097198526,-0.32906277389344524,0.6070721634363724,4.852760177648936,0.01392534658468018
blog_data,100,mean,0.022091138571248215,-0.581337730005636,0.6701643709409035,3.376537201266425,0.017040973179973662
blog_data,1000,mean,0.023597986847793653,-0.5931514016652512,0.666332151930211,3.490678201049256,0.016845144998903074
blog_data,100,variance,0.02277781596502005,-0.36624771451293414,0.6652386501684027,3.850288453969794,0.016376389586366714
blog_data,1000,variance,0.02222558085696172,-0.4158654766062559,0.6815294835527065,3.841047683583262,0.01675461114694675
blog_data,100,dependency,0.02096097720629078,-0.6019994288177813,0.6704151307122183,4.436841838946566,0.016404814327446123
blog_data,1000,dependency,0.02384389348138692,-0.32902164258441685,0.6895032999879223,3.4048958802285294,0.016402458151181538
blog_data,100,pca,0.024363110915331516,-0.47241452083749286,0.6624734310780541,6.139921125497979,0.01727625975230088
blog_data,1000,pca,0.023985705527840025,-0.525695273431681,0.6645877149145482,5.280452506019113,0.019901969594260056
blog_data,100,density,0.025993063698633242,-0.683018166634996,0.5802791441901255,60.360365313570945,0.06331466739842047
blog_data,1000,density,0.03419654464380721,-0.4451634200700259,0.5929721482729507,277.86557541220293,0.4799788743335133
blog_data,100,cdf,0.02191548556152542,-0.7513714942891719,0.6375428963515718,23.738685441498333,0.045527368302767476
blog_data,1000,cdf,0.024999669405742216,-0.5499493383755119,0.6297885038084903,219.46000754918592,0.34188869091837354
calcofi,100,marginal,0.020012657219708404,0.5914627644507324,0.42173259999571727,56.84484575955042,0.10147794020206978
calcofi,1000,marginal,0.020039386702936236,0.5950033856289727,0.4210372757197929,39.1773180458229,0.10289539115037769
calcofi,100,mean,0.02081333035299899,0.5835557031844344,0.42128307929559916,52.63833692936848,0.10659135766327381
calcofi,1000,mean,0.02076765028818534,0.5910992150296684,0.4210780893428987,42.73919002231366,0.10124079761250565
calcofi,100,variance,0.01920890371743668,0.5888769792220673,0.4204413476360946,45.03541652081379,0.0916116207682838
calcofi,1000,variance,0.01909899977847793,0.5996526178880399,0.42051402645326463,36.52203560469982,0.0962859382852912
calcofi,100,dependency,0.019131440335704686,0.588518382637065,0.4215980585382766,49.02853841051304,0.09632524220117679
calcofi,1000,dependency,0.01915845401465752,0.6076945390458367,0.42091364426021816,43.995978535416846,0.11893011097951482
calcofi,100,pca,0.02068101106790685,0.606648339318628,0.4208635591408786,42.74446446592143,0.11335438656775902
calcofi,1000,pca,0.02031461937360841,0.5938075815617037,0.42028860281370267,70.50335007826797,0.22056004606808224
calcofi,100,density,0.020325073724350416,0.5912748541244689,0.42031211180596795,521.9234024526473,0.8922151738156875
calcofi,1000,density,0.019759043431919098,0.5887760102373212,0.42004895557751176,2527.1844952759643,7.831097039021552
calcofi,100,cdf,0.020680316911712914,0.5870599363218335,0.42074725269770424,632.1795472654825,0.6181858989720543
calcofi,1000,cdf,0.02111749355182318,0.5947626178004161,0.42143725018416134,4038.3497985503636,5.252148024877533
ansur2,100,marginal,0.03325034864246845,1.7516398429870605,0.5310221016407013,4.413255954378595,0.008738049399107694
ansur2,1000,marginal,0.03895330196246505,1.8243634700775146,0.5327509343624115,1.9503108081718286,0.008455367557083567
ansur2,100,mean,0.04321775306016207,1.8835114240646362,0.5574049651622772,2.334802695379282,0.008653263840824366
ansur2,1000,mean,0.04232809878885746,1.8662123084068298,0.541541337966919,2.2017550591845065,0.010668759824087222
ansur2,100,variance,0.030222567729651928,1.7878296375274658,0.5328048467636108,2.938593968252341,0.008999253048871954
ansur2,1000,variance,0.03239138703793287,1.795747995376587,0.5341136157512665,2.871739020726333,0.008908730046823621
ansur2,100,dependency,0.028317764401435852,1.8130183815956116,0.5415344536304474,3.6467551179230213,0.009114366179953018
ansur2,1000,dependency,0.028234449215233326,1.8326976299285889,0.5340844094753265,3.4967564857409648,0.008784050059815248
ansur2,100,pca,0.04376066103577614,1.9392813444137573,0.5571147501468658,2.010275606547172,0.010225505583609145
ansur2,1000,pca,0.04349844716489315,1.8859577178955078,0.5508404076099396,2.544454190150524,0.008331448212265969
ansur2,100,density,0.01587995421141386,1.9728937149047852,0.5616823434829712,2.6353666639576354,0.012002546712756157
ansur2,1000,density,0.02375483699142933,1.9526731371879578,0.5587469637393951,15.303780290934567,0.026390159564713637
ansur2,100,cdf,0.041982626542449,1.8346121907234192,0.5408168137073517,3.760159623296931,0.012200091406702996
ansur2,1000,cdf,0.04019626509398222,1.818152368068695,0.5358904898166656,12.218792853240545,0.027783488420148692
taxi,100,marginal,0.024033599546445267,1.7542435543877737,0.6952939229352134,7.964085609760756,0.016712310304865242
taxi,1000,marginal,0.023183708451688288,1.7799434764044626,0.6982079923152924,9.609548288801063,0.017490038337806862
taxi,100,mean,0.028397397404270514,1.7721772926194328,0.6931735830647605,12.542972823185845,0.015937230177223684
taxi,1000,mean,0.026426947343030145,1.7711309330804008,0.6919581285544805,14.361399001379807,0.01734903984082242
taxi,100,variance,0.025558804694030966,1.775372610773359,0.6917588864053998,14.242336961673573,0.015300019504502415
taxi,1000,variance,0.025501946985189403,1.7496253575597491,0.6942442331995283,11.208822157032166,0.015600510577981671
